Date,Location,MinTemp,MaxTemp,Rainfall,Evaporation,Sunshine,WindGustDir,WindGustSpeed,WindDir9am,WindDir3pm,WindSpeed9am,WindSpeed3pm,Humidity9am,Humidity3pm,Pressure9am,Pressure3pm,Cloud9am,Cloud3pm,Temp9am,Temp3pm,RainToday,RainTomorrow
9/30/2014,Uluru,20.3,37.1,0,NA,NA,SSE,39,ESE,SW,17,19,14,9,1015.8,1012.7,NA,NA,27.7,35.3,No,No
10/1/2014,Uluru,20,32.6,0,NA,NA,E,52,ESE,E,30,28,28,15,1022.1,1016.7,2,NA,23.6,31.9,No,No
10/2/2014,Uluru,18,33.8,0,NA,NA,E,44,E,ENE,30,22,23,10,1020.3,1014.6,NA,NA,22.1,32.7,No,No
10/3/2014,Uluru,15.5,36.5,0,NA,NA,WNW,56,E,NW,24,17,16,10,1015.6,1010.1,NA,NA,23.8,35.6,No,No
10/4/2014,Uluru,23.1,37.4,0,NA,NA,SSE,41,E,SE,4,7,18,12,1014.4,1009.7,NA,6,29.6,37,No,No
10/5/2014,Uluru,19.5,39.2,0,NA,NA,N,48,NE,N,24,28,11,8,1012.7,1007.7,NA,1,30.2,37.6,No,No
10/6/2014,Uluru,19.9,38.3,0,NA,NA,S,50,NW,SW,33,22,12,8,1009.7,1008.4,1,NA,32.2,36.3,No,No
10/7/2014,Uluru,15.5,30.3,0,NA,NA,ESE,48,ESE,E,31,26,28,16,1018.1,1014.4,NA,NA,21.4,28.8,No,No
10/8/2014,Uluru,15.1,33.2,0,NA,NA,E,50,E,ENE,33,11,21,11,1019.1,1014,NA,NA,21.7,31.7,No,No
10/9/2014,Uluru,13.8,37.2,0,NA,NA,SW,35,E,SSE,20,7,13,7,1016.7,1011,NA,NA,25,35.4,No,No
10/10/2014,Uluru,16.4,34.1,0,NA,NA,S,43,S,SSW,24,13,27,8,1014.7,1010.2,NA,NA,23.5,32.8,No,No
10/11/2014,Uluru,12.1,31.7,0,NA,NA,SE,30,ESE,NE,17,9,30,13,1016.2,1010.4,NA,NA,21.6,30.4,No,No
10/12/2014,Uluru,11.9,33.9,0,NA,NA,SSW,37,ESE,ESE,19,11,12,6,1013.4,1009.4,NA,NA,25.7,31.6,No,No
10/13/2014,Uluru,12.9,30.7,0,NA,NA,SE,48,SE,SE,22,17,30,16,1017.3,1015.8,NA,2,21.8,30.2,No,No
10/14/2014,Uluru,15.6,27.9,0,NA,NA,E,48,E,E,30,17,22,8,1023.5,1018.7,4,NA,18.2,26.1,No,No
10/15/2014,Uluru,10,29.4,0,NA,NA,ENE,41,E,E,26,7,17,8,1022,1017.3,NA,NA,19.7,27.8,No,No
10/16/2014,Uluru,8.4,32.6,0,NA,NA,NE,39,ENE,ESE,20,15,10,6,1020.7,1015.3,NA,NA,21.6,30.4,No,No
10/17/2014,Uluru,9.7,33,0,NA,NA,E,39,NE,NE,26,15,9,5,1020.2,1015.1,NA,NA,23.2,31.1,No,No
10/18/2014,Uluru,10.8,35.2,0,NA,NA,NE,43,ENE,ENE,13,17,8,4,1018.9,1013.9,NA,NA,25.2,34.6,No,No
10/19/2014,Uluru,9,37.4,0,NA,NA,NNW,48,NNE,N,15,17,6,3,1017.1,1012.9,NA,NA,27.3,35.7,No,No
10/20/2014,Uluru,11.5,39.2,0,NA,NA,NNE,52,ENE,NNW,11,19,5,3,1016.6,1012.2,NA,NA,29.1,37.8,No,No
10/21/2014,Uluru,15.2,39.4,0,NA,NA,NNW,44,N,W,28,22,9,7,1016.3,1013.3,NA,NA,32.8,38.4,No,No
10/22/2014,Uluru,22.1,39.7,0,NA,NA,SE,48,ESE,S,20,11,16,7,1016.7,1012.1,NA,NA,30.4,39,No,No
10/23/2014,Uluru,18.9,39.5,0,NA,NA,N,41,NNE,NNW,26,20,11,7,1014.6,1011.2,NA,NA,33,38.5,No,No
10/24/2014,Uluru,21.8,40.8,0,NA,NA,ESE,43,ESE,NW,13,20,15,8,1014.7,1010.9,NA,6,32.6,38.6,No,No
10/25/2014,Uluru,21.3,40.1,0,NA,NA,WNW,50,N,NNW,15,15,13,9,1016.3,1011.6,NA,6,33.4,38.6,No,No
10/26/2014,Uluru,24.3,40.7,0,NA,NA,NW,44,W,NNW,24,22,11,8,1014.8,1009.8,8,1,33.1,39.2,No,No
10/27/2014,Uluru,21.8,31,0,NA,NA,SSE,48,SE,E,24,17,35,20,1016.9,1014.4,6,NA,23.1,30.4,No,No
10/28/2014,Uluru,19.7,35.1,0,NA,NA,E,48,E,E,31,19,20,13,1017,1013.4,NA,NA,26.5,33.4,No,No
10/29/2014,Uluru,20,38.1,0,NA,NA,ENE,39,ENE,SW,22,9,14,9,1015.7,1010.9,NA,5,29.3,36.7,No,No
10/30/2014,Uluru,26.4,33.9,0,NA,NA,S,61,SSE,ENE,24,24,20,22,1014.1,1009.7,5,3,29.4,32.2,No,No
10/31/2014,Uluru,20.8,36.9,0,NA,NA,WSW,78,NE,NW,20,26,43,19,1009.7,1006.9,8,4,25.5,35.2,No,No
11/1/2014,Uluru,17.2,31.6,0.2,NA,NA,SE,50,SSE,ESE,22,20,57,31,1015.8,1011.3,NA,NA,20.4,30.3,No,No
11/2/2014,Uluru,18.2,33.2,0,NA,NA,E,46,E,ENE,28,17,27,19,1017.5,1013.2,NA,NA,24.7,31.4,No,No
11/3/2014,Uluru,18.1,38.9,0,NA,NA,WSW,85,NE,NNW,15,9,19,13,1015.7,1010.2,NA,2,27.4,38.4,No,No
11/4/2014,Uluru,18.3,37.3,0.8,NA,NA,SE,50,NA,S,0,15,55,15,1016.7,1012.2,NA,NA,24.8,36.3,No,No
11/5/2014,Uluru,20.7,36.9,0,NA,NA,E,41,E,WSW,24,15,22,10,1018.3,1012.9,NA,NA,28.7,36.4,No,No
11/6/2014,Uluru,19.3,39.2,0,NA,NA,N,41,ENE,NNW,28,13,17,9,1015,1008.6,NA,NA,28.7,38.5,No,No
11/7/2014,Uluru,18.2,41.5,0,NA,NA,NNW,48,N,WNW,17,22,12,9,1011.1,1007.5,NA,NA,32.7,39.8,No,No
11/8/2014,Uluru,25.6,38.2,0,NA,NA,SW,43,SSE,SSE,26,17,30,17,1015.2,1012,NA,3,30.2,36.2,No,No
11/9/2014,Uluru,24.6,34.9,0,NA,NA,S,48,ESE,ENE,22,30,30,20,1017.6,1015,3,6,26.5,33,No,No
11/10/2014,Uluru,20.7,37.9,0,NA,NA,E,48,E,E,28,22,11,9,1017.2,1012.7,NA,NA,29,37.2,No,No
11/11/2014,Uluru,23,39.8,0,NA,NA,E,44,ENE,ESE,30,11,9,7,1014.3,1009.4,NA,NA,29.6,39.3,No,No
11/12/2014,Uluru,19.6,41.5,0,NA,NA,ENE,41,E,ESE,24,13,6,5,1012,1006.4,NA,NA,31.3,40.7,No,No
11/13/2014,Uluru,23.4,43,0,NA,NA,NW,85,NNE,NW,19,33,6,9,1007.2,1002.4,NA,1,35.6,41.5,No,Yes
11/14/2014,Uluru,20.9,23.5,2.8,NA,NA,SSW,44,WNW,NA,11,0,84,81,1012.7,1013,8,7,22.2,22.5,Yes,Yes
11/15/2014,Uluru,18.8,27.7,3.2,NA,NA,SSW,37,S,SSE,22,15,60,43,1015.8,1013.8,7,7,19.3,25.6,Yes,No
11/16/2014,Uluru,16.2,26.6,0.2,NA,NA,E,35,E,ENE,22,13,45,34,1017.1,1014.3,8,8,20.5,25.9,No,No
11/17/2014,Uluru,16.5,33.5,0,NA,NA,NNE,39,E,SE,20,15,30,15,1016.4,1012,1,2,24.9,32.2,No,No
11/18/2014,Uluru,17.6,36.2,0.4,NA,NA,ENE,31,E,N,19,15,44,25,1016.5,1012,NA,NA,24.9,33.2,No,No
11/19/2014,Uluru,20,40,0,NA,NA,SSW,56,ENE,ENE,13,7,24,15,1014.7,1008.5,NA,8,30,37.4,No,No
11/20/2014,Uluru,24.2,39,0,NA,NA,SSW,52,ESE,N,15,13,46,22,1012.1,1007,NA,1,28.5,36.6,No,No
11/21/2014,Uluru,21.4,42.4,0,NA,NA,WNW,54,NNE,WNW,13,30,40,12,1009.6,1004.5,NA,1,31.3,40.5,No,No
11/22/2014,Uluru,21.2,42.1,0,NA,NA,W,76,NNW,WNW,37,22,28,14,1009.1,1004.7,1,3,33.3,39.5,No,Yes
11/23/2014,Uluru,20.4,40.1,1.2,NA,NA,WNW,54,N,SW,13,28,39,14,1009.4,1006.1,NA,8,30.9,39.1,Yes,No
11/24/2014,Uluru,23,38.7,0,NA,NA,SSE,41,N,SSE,11,28,25,16,1011.4,1008.8,NA,NA,32,38,No,No
11/25/2014,Uluru,23.9,35.3,0,NA,NA,E,46,ESE,ENE,30,20,24,20,1015.8,1012.1,1,NA,27.2,32.9,No,No
11/26/2014,Uluru,19.5,36.2,0,NA,NA,E,44,E,ESE,30,24,21,11,1015.2,1010.8,NA,NA,27.6,34.9,No,No
11/27/2014,Uluru,18.3,37.4,0,NA,NA,ENE,43,ENE,ENE,26,9,9,10,1014.6,1010.4,NA,2,29.7,35.7,No,No
11/28/2014,Uluru,20.5,37.7,0,NA,NA,WNW,37,E,N,24,11,13,11,1013.4,1008.1,NA,NA,29.1,36.7,No,No
11/29/2014,Uluru,23.9,41,0,NA,NA,SSW,50,NE,WSW,20,13,8,12,1007.7,1002.9,NA,2,34,39.3,No,No
11/30/2014,Uluru,21.4,41.2,0.6,NA,NA,S,52,ESE,NNW,9,19,22,12,1005.9,1001.2,4,4,34.2,39.8,No,No
12/1/2014,Uluru,22.6,40.1,0,NA,NA,WSW,65,NE,N,19,20,29,13,1007.3,1001.6,NA,NA,31.9,38.7,No,No
12/2/2014,Uluru,24.4,41.8,0,NA,NA,NNW,52,NNE,NW,15,26,33,17,1004.3,1000.2,2,1,30.9,40.2,No,No
12/3/2014,Uluru,23.2,43.3,0,NA,NA,NNW,41,E,W,17,22,46,13,1007.3,1002.6,NA,5,30.6,40.7,No,No
12/4/2014,Uluru,25.9,42.1,0,NA,NA,E,50,ENE,SSW,13,13,42,17,1010.3,1005.6,NA,4,31.3,40.2,No,No
12/5/2014,Uluru,26.2,43.3,0,NA,NA,E,70,NNE,NNW,19,26,32,19,1007.9,1002.1,NA,NA,34.7,39.9,No,No
12/6/2014,Uluru,24.8,42.6,0,NA,NA,SSE,56,NE,NW,33,20,18,17,1006,999.2,NA,4,32.8,42.3,No,Yes
12/7/2014,Uluru,22,41.8,5.8,NA,NA,WSW,61,E,WSW,11,31,56,14,1002.5,998.3,NA,1,28.1,40.2,Yes,No
12/8/2014,Uluru,25,42.3,0,NA,NA,WNW,44,E,SW,15,22,39,12,1005.2,1002.3,NA,NA,29.7,40.2,No,No
12/9/2014,Uluru,26,43.8,0,NA,NA,SSW,69,NW,NW,19,24,31,14,1007.4,1004.1,NA,NA,33.1,42.2,No,No
12/10/2014,Uluru,25,39.7,0.2,NA,NA,SSW,91,NNE,NW,22,17,45,25,1008.8,1005.2,8,8,30.1,37.9,No,Yes
12/11/2014,Uluru,20.2,37.7,18.4,NA,NA,S,39,SSW,S,24,20,50,25,1010.4,1007,NA,NA,25.7,35.2,Yes,No
12/12/2014,Uluru,18.6,38.7,0.2,NA,NA,E,41,ESE,SW,26,20,28,8,1011.7,1007,NA,NA,29.2,36.8,No,No
12/13/2014,Uluru,18.4,41.4,0,NA,NA,SSE,46,NE,SSW,22,15,18,7,1010,1005.1,NA,NA,31.2,39.7,No,No
12/14/2014,Uluru,21.4,44,0,NA,NA,NNW,41,N,W,17,20,13,7,1007.8,1003,1,1,33.8,42.6,No,No
12/15/2014,Uluru,27.3,42.9,0,NA,NA,SSW,87,S,W,9,17,23,14,1006.1,1001.9,1,1,34.6,39.7,No,No
12/16/2014,Uluru,24.4,41.3,0,NA,NA,W,59,N,S,20,11,52,19,1007,1003,NA,NA,28.1,39.2,No,Yes
12/17/2014,Uluru,23.2,38.7,1.6,NA,NA,S,74,WNW,NW,17,26,60,23,1008.1,1003.2,1,NA,28.4,37.1,Yes,Yes
12/18/2014,Uluru,20.1,35.2,12.8,NA,NA,SSE,54,N,SSE,11,7,76,41,1010.3,1008.6,1,5,24.1,33.7,Yes,No
12/19/2014,Uluru,22.7,37.7,0,NA,NA,SE,35,ESE,W,20,6,36,23,1013.7,1010.5,NA,NA,29.2,36.4,No,No
12/20/2014,Uluru,26.3,39.3,0,NA,NA,WSW,52,ENE,NNW,17,22,27,18,1011.5,1006.1,3,7,32.2,39,No,Yes
12/21/2014,Uluru,22.1,37.1,3.8,NA,NA,WNW,52,SSW,NW,4,24,75,35,1009.2,1005.6,7,8,25.5,33.9,Yes,Yes
12/22/2014,Uluru,21.2,37.9,1.8,NA,NA,SSW,69,ENE,SW,11,28,58,27,1007.5,1003.9,NA,8,27.1,36.7,Yes,No
12/23/2014,Uluru,23.8,33.9,1,NA,NA,ESE,46,SE,SE,22,17,53,37,1011.6,1008.5,8,8,26.3,32.6,No,Yes
12/24/2014,Uluru,21.8,32.3,2,NA,NA,NE,41,ESE,ENE,24,22,33,30,1012.1,1009.1,8,NA,26.6,30.9,Yes,No
12/25/2014,Uluru,18.6,34.9,0,NA,NA,SSE,44,SE,SSE,20,30,40,17,1011.8,1007.8,NA,1,26.5,33.5,No,No
12/26/2014,Uluru,18,32.1,0,NA,NA,SE,44,ESE,SSE,28,26,27,20,1013,1009.3,NA,NA,24.2,30.2,No,No
12/27/2014,Uluru,16.9,33.2,0,NA,NA,SSE,43,ESE,SSE,24,26,22,13,1014.1,1009.8,NA,NA,23.7,31.8,No,No
12/28/2014,Uluru,15.1,36.8,0,NA,NA,NE,31,ENE,SW,19,20,16,8,1012.6,1007.6,NA,NA,28.9,34.8,No,No
12/29/2014,Uluru,17.3,37.8,0,NA,NA,ESE,39,ESE,SSE,26,9,15,8,1011.9,1008,NA,NA,29.7,35.7,No,No
12/30/2014,Uluru,20.1,38.5,0,NA,NA,ESE,43,ESE,SSW,28,17,22,9,1014,1009.2,NA,NA,29.8,37.2,No,No
12/31/2014,Uluru,22.5,39.6,0,NA,NA,WNW,76,ENE,SSW,30,13,16,9,1012.1,1006.2,NA,NA,30.1,37.4,No,No
1/1/2015,Uluru,22.6,42,0,NA,NA,SSW,61,NW,N,30,11,21,12,1007.8,1002.3,7,NA,33.1,39.3,No,Yes
1/2/2015,Uluru,21.6,42.4,2.2,NA,NA,N,41,NNW,ENE,17,20,23,10,1006.6,1002.7,NA,6,33.6,40.3,Yes,No
1/3/2015,Uluru,23.5,39.8,0,NA,NA,SSE,52,NNW,NW,24,11,23,16,1008.1,1003.9,NA,8,32.9,38.6,No,No
1/4/2015,Uluru,27.3,36.1,0,NA,NA,E,41,SE,ESE,24,26,26,20,1008.4,1005.6,NA,NA,30.9,35,No,No
1/5/2015,Uluru,26.1,38.8,0,NA,NA,E,65,E,ESE,28,30,36,28,1007.2,1003.9,NA,NA,32.2,37,No,No
1/6/2015,Uluru,26.5,34.5,0,NA,NA,ESE,54,E,E,31,33,51,33,1006.9,1003,NA,8,29.5,33.9,No,No
1/7/2015,Uluru,24.1,28.5,0.4,NA,NA,E,41,ESE,SE,26,19,79,74,1004.8,1002.2,8,8,24.9,26.8,No,Yes
1/8/2015,Uluru,22.4,25.7,1.8,NA,NA,ENE,35,E,SSE,17,11,86,90,1003.1,1000.1,8,8,24.4,24.9,Yes,Yes
1/9/2015,Uluru,22.5,27.1,7.2,NA,NA,S,48,S,SSE,19,19,85,97,999.2,997.4,7,6,24.6,22.8,Yes,Yes
1/10/2015,Uluru,16,20.8,8.6,NA,NA,S,50,S,S,28,22,89,76,1001.8,1002,8,8,16.4,20.1,Yes,Yes
1/11/2015,Uluru,15.9,27.3,6,NA,NA,S,35,S,SE,22,19,80,52,1006.9,1004.1,8,8,19.1,26.3,Yes,No
1/12/2015,Uluru,18,34.6,0,NA,NA,SW,39,E,SW,2,17,64,32,1006.7,1003.1,NA,1,24.6,33.2,No,No
1/13/2015,Uluru,22.2,36.7,0,NA,NA,SSW,35,SE,WNW,17,20,43,26,1008.6,1005.1,1,NA,27.9,35.1,No,No
1/14/2015,Uluru,19.8,36.4,0,NA,NA,SSE,41,ESE,SSE,26,13,29,16,1010.3,1006.6,NA,NA,27.9,34.8,No,No
1/15/2015,Uluru,19.7,36.5,0,NA,NA,SE,44,E,ESE,20,20,29,14,1010.6,1006.3,NA,NA,28.4,35.2,No,No
1/16/2015,Uluru,19.9,39.3,0,NA,NA,E,48,ENE,E,24,24,24,9,1010.4,1007,NA,NA,29.7,37.4,No,No
1/17/2015,Uluru,20,40.3,0,NA,NA,NE,39,SSE,ENE,19,15,17,10,1010.9,1007.6,NA,NA,32.6,38.3,No,No
1/18/2015,Uluru,21,40.4,0,NA,NA,NE,39,E,NNE,13,11,23,10,1011.7,1008.1,NA,NA,32,39.2,No,No
1/19/2015,Uluru,21.2,41.8,0,NA,NA,NNW,44,NW,NW,26,17,45,14,1009.8,1005.4,NA,1,31.6,41.4,No,No
1/20/2015,Uluru,28.6,43.7,0,NA,NA,WSW,48,WSW,SSW,31,26,27,8,1007.2,1005.3,NA,NA,36.4,42.2,No,No
1/21/2015,Uluru,24.1,40.5,0,NA,NA,SW,52,S,SSW,22,26,33,16,1009.8,1006.1,NA,NA,29.7,39.2,No,No
1/22/2015,Uluru,21.1,39.6,0,NA,NA,SSE,39,E,SE,19,13,22,12,1008.5,1003.8,NA,NA,27.6,37.1,No,No
1/23/2015,Uluru,21,41.5,0,NA,NA,E,39,NE,S,15,9,23,11,1007.1,1002.9,NA,NA,32.6,39.7,No,No
1/24/2015,Uluru,23.4,41.9,0,NA,NA,WNW,48,E,W,24,19,22,13,1005.8,1002.7,2,4,33.7,39.5,No,No
1/25/2015,Uluru,25.2,39.1,0,NA,NA,E,50,E,SE,35,11,15,15,1009.1,1006,NA,4,30.4,37.6,No,No
1/26/2015,Uluru,25.2,37.2,0,NA,NA,E,43,E,E,30,20,24,19,1010.7,1006.2,1,1,28.4,34.6,No,No
1/27/2015,Uluru,23.8,33,0,NA,NA,NE,43,E,ENE,28,24,19,21,1010.2,1007.1,3,8,28.4,31.4,No,No
1/28/2015,Uluru,19.2,35.4,0,NA,NA,E,46,E,E,30,15,22,11,1009.7,1005.9,NA,NA,27.2,34,No,No
1/29/2015,Uluru,15.5,35.5,0,NA,NA,E,44,ENE,SE,22,9,21,9,1010,1006.6,NA,NA,26.8,34.1,No,No
1/30/2015,Uluru,14.4,37.9,0,NA,NA,SSE,48,ENE,SW,13,13,17,8,1009.7,1005.6,NA,NA,28.7,36.5,No,No
1/31/2015,Uluru,20.2,40.5,0,NA,NA,SW,41,E,SE,6,15,17,9,1008.3,1005.1,7,1,29.9,38.7,No,No
2/1/2015,Uluru,22.9,40.9,0,NA,NA,SE,41,ESE,SSE,13,17,16,9,1009.7,1006.6,NA,6,32.1,39.1,No,No
2/2/2015,Uluru,23.7,36.8,0,NA,NA,E,56,E,E,35,22,17,12,1015,1011.8,NA,NA,27.4,34.4,No,No
2/3/2015,Uluru,17.9,35.1,0,NA,NA,ENE,50,E,SE,31,20,17,7,1016.2,1012.3,NA,NA,26.4,33.2,No,No
2/4/2015,Uluru,18.2,36.3,0,NA,NA,ESE,57,E,E,20,13,21,11,1014.8,1010.7,NA,NA,28.3,35.1,No,No
2/5/2015,Uluru,18.3,37.1,0,NA,NA,E,44,ENE,ESE,15,19,19,9,1012.8,1009.4,NA,NA,28.9,35.9,No,No
2/6/2015,Uluru,18.4,39.3,0,NA,NA,SE,43,NE,N,26,11,19,9,1013.7,1009.8,NA,NA,30.7,38.1,No,No
2/7/2015,Uluru,19.7,41.3,0,NA,NA,E,33,NE,E,15,19,23,10,1014.6,1011.3,NA,5,32,39.5,No,No
2/8/2015,Uluru,21.8,42.4,0,NA,NA,ESE,46,E,ESE,15,13,22,11,1015.9,1012.4,NA,5,33.8,40.4,No,No
2/9/2015,Uluru,24,42.2,0,NA,NA,ENE,57,ENE,ENE,20,30,18,10,1017.4,1012.7,NA,NA,33.8,40.5,No,No
2/10/2015,Uluru,22.1,42.7,0,NA,NA,E,65,E,ENE,13,31,16,9,1015.7,1011.5,NA,3,33.7,41.7,No,No
2/11/2015,Uluru,22.8,42.6,0,NA,NA,SE,44,ESE,S,15,33,15,9,1013.8,1008.8,NA,4,34,40.8,No,No
2/12/2015,Uluru,23.3,41.1,0,NA,NA,E,48,E,SSE,19,13,10,6,1013.8,1008.6,NA,NA,32.5,39.4,No,No
2/13/2015,Uluru,24.5,41.6,0,NA,NA,ENE,46,NNE,E,13,17,18,9,1012.2,1008.2,NA,1,33.7,39.5,No,No
2/14/2015,Uluru,26.6,41.8,0,NA,NA,ENE,43,ENE,ENE,28,17,17,10,1012.7,1008.3,NA,NA,34.5,40.3,No,No
2/15/2015,Uluru,23.5,42.4,0,NA,NA,ENE,48,ENE,ESE,24,24,19,10,1011.2,1008,NA,NA,34.5,40.3,No,No
2/16/2015,Uluru,24.5,42.1,0,NA,NA,NE,57,ESE,E,20,19,20,11,1012.5,1008.2,NA,NA,34.4,40.7,No,No
2/17/2015,Uluru,25.9,39.2,0,NA,NA,SE,44,ESE,E,24,6,28,17,1012.8,1009.3,7,4,30.6,37.5,No,No
2/18/2015,Uluru,25.1,39.6,0,NA,NA,SE,52,SSE,SSE,11,7,34,15,1012.6,1007,8,NA,30.6,38,No,No
2/19/2015,Uluru,25.6,39.4,0,NA,NA,ENE,43,ENE,WSW,24,11,14,10,1010.2,1006.1,8,NA,31.1,38.4,No,No
2/20/2015,Uluru,23.6,40.7,0,NA,NA,ENE,44,ENE,ESE,31,17,21,10,1007.9,1004,NA,1,31.3,38.2,No,No
2/21/2015,Uluru,24,39.6,0,NA,NA,ENE,50,ENE,ENE,35,20,26,13,1006.9,1003.1,NA,1,31.1,38.5,No,No
2/22/2015,Uluru,24.4,33.6,0,NA,NA,SSE,50,E,S,13,19,26,40,1007.3,1006.3,8,7,29.4,30.9,No,Yes
2/23/2015,Uluru,20.5,35.9,5,NA,NA,SSE,52,SE,SE,9,20,71,29,1012.9,1009.1,7,8,23.4,33.9,Yes,No
2/24/2015,Uluru,20.9,37,0.2,NA,NA,E,46,SE,E,15,22,38,20,1014.7,1009.9,2,1,26.6,35.5,No,No
2/25/2015,Uluru,21.2,39.1,0,NA,NA,E,39,E,ENE,26,13,23,20,1012.4,1007.2,NA,NA,29.1,36.8,No,No
2/26/2015,Uluru,24.2,41.9,0,NA,NA,SE,41,E,NNW,19,7,19,16,1008.8,1003.6,6,3,32.6,40.2,No,No
2/27/2015,Uluru,24.9,42.2,0,NA,NA,SW,48,ENE,N,20,20,20,19,1005.9,1001.5,7,2,33.4,40.2,No,No
2/28/2015,Uluru,26.6,40.6,0.2,NA,NA,SW,46,SSE,SSW,2,24,28,26,1004.9,1003,NA,1,33.7,39.5,No,No
3/1/2015,Uluru,25.6,37,0.2,NA,NA,ESE,54,ESE,E,26,26,49,25,1009.1,1006.6,8,8,27.5,35.2,No,No
3/2/2015,Uluru,27.5,40.3,0,NA,NA,E,39,E,NNW,28,11,28,16,1008.5,1004.5,7,8,29.7,38.6,No,No
3/3/2015,Uluru,26.9,42.5,0,NA,NA,E,56,ESE,ENE,20,20,21,12,1009.7,1006.6,NA,NA,32.7,41.8,No,No
3/4/2015,Uluru,25.6,41.2,0,NA,NA,E,52,ESE,ENE,24,22,18,12,1013.5,1009.1,NA,NA,31,39.8,No,No
3/5/2015,Uluru,25,37.2,0,NA,NA,SE,50,ESE,E,28,24,34,17,1017,1012.3,NA,NA,27,34.9,No,No
3/6/2015,Uluru,23,33.3,0,NA,NA,E,41,E,SE,28,20,31,19,1015.4,1010.9,8,5,24.7,31.3,No,No
3/7/2015,Uluru,22.4,32.4,0,NA,NA,E,37,ESE,ESE,19,11,18,11,1013.3,1010,NA,8,25,30.5,No,No
3/8/2015,Uluru,18.5,35.1,0,NA,NA,ENE,31,ESE,SW,15,11,31,13,1013.9,1009.6,7,4,24,33.1,No,No
3/9/2015,Uluru,21.6,35.6,0,NA,NA,ENE,41,E,ENE,26,7,27,16,1013,1009.1,8,8,26.6,33.8,No,No
3/10/2015,Uluru,23.2,35.4,0,NA,NA,E,43,E,SSW,31,9,25,16,1013.8,1009.6,1,4,26.5,34,No,No
3/11/2015,Uluru,20.5,37.3,0,NA,NA,E,44,E,SW,24,11,23,14,1014.2,1010.6,NA,NA,28.3,36.1,No,No
3/12/2015,Uluru,20.9,35.7,0,NA,NA,SSE,48,ESE,SSE,28,28,20,9,1016.8,1012.1,NA,NA,26.3,34.1,No,No
3/13/2015,Uluru,18.7,35.1,0,NA,NA,ESE,48,ESE,ENE,30,13,24,11,1016.3,1011.4,NA,NA,25.9,33.5,No,No
3/14/2015,Uluru,19.5,36.6,0,NA,NA,E,41,E,E,26,19,22,11,1015.5,1010.9,NA,NA,27.3,34.8,No,No
3/15/2015,Uluru,15.6,38.9,0,NA,NA,ENE,39,E,SW,11,20,14,7,1013.9,1008.9,NA,NA,27.1,36.6,No,No
3/16/2015,Uluru,15,41.7,0,NA,NA,W,46,ESE,WSW,2,19,10,7,1010.6,1005,NA,NA,28.2,40.9,No,No
3/17/2015,Uluru,23.1,42.6,0,NA,NA,SSE,43,S,NNW,19,9,27,15,1006.2,1002.8,NA,1,33.7,40.4,No,No
3/18/2015,Uluru,23.4,42.3,0,NA,NA,E,37,E,S,26,6,24,15,1007.8,1004.3,NA,3,32.8,39.9,No,No
3/19/2015,Uluru,24,42.8,0,NA,NA,SSW,59,ESE,WNW,13,11,16,10,1009.7,1007.1,8,3,34.7,40.9,No,No
3/20/2015,Uluru,24.7,39.5,0,NA,NA,SSE,59,E,ESE,20,15,28,19,1016.3,1013,7,7,31.6,36.9,No,No
3/21/2015,Uluru,21,37.3,0,NA,NA,ENE,44,E,ENE,28,20,35,20,1018.1,1013.8,NA,NA,27.3,35.9,No,No
3/22/2015,Uluru,18.9,38.9,0,NA,NA,SSW,57,E,ESE,22,9,23,16,1015.4,1010.2,NA,NA,27.9,37.5,No,No
3/23/2015,Uluru,22.1,30.7,0,NA,NA,S,44,S,S,33,20,66,35,1016,1013.6,6,8,22.5,29.8,No,No
3/24/2015,Uluru,19.1,29.1,0,NA,NA,E,43,ESE,ESE,28,19,36,28,1018.9,1014.9,NA,7,20.8,27.6,No,No
3/25/2015,Uluru,20.4,25.5,0,NA,NA,ESE,33,ESE,ESE,13,15,27,24,1019.8,1017.3,8,7,21.3,25,No,No
3/26/2015,Uluru,18.7,29.5,0,NA,NA,E,46,ESE,ESE,26,22,27,20,1022.9,1019.7,5,8,21.1,28.3,No,No
3/27/2015,Uluru,17.9,31.3,0,NA,NA,E,46,E,E,28,22,27,16,1022.9,1017.4,NA,NA,21,29.6,No,No
3/28/2015,Uluru,17.5,30.8,0,NA,NA,ENE,37,ENE,SE,26,7,21,13,1019.6,1015.1,NA,7,22,30.1,No,No
3/29/2015,Uluru,21.1,27.7,0,NA,NA,NE,35,NE,NE,24,19,21,36,1019.8,1017.7,8,7,23.9,26.7,No,No
3/30/2015,Uluru,15.5,33.9,0,NA,NA,NE,41,ESE,ESE,15,20,44,17,1021,1016.6,NA,NA,20.4,32.2,No,No
3/31/2015,Uluru,14.4,34,0,NA,NA,ENE,39,E,SE,19,17,32,15,1019.9,1014.2,NA,NA,23.5,32.8,No,No
4/1/2015,Uluru,15.9,35.8,0,NA,NA,S,43,ENE,E,17,6,23,12,1015.9,1012.8,NA,2,25.8,34.7,No,No
4/2/2015,Uluru,22.3,28,0,NA,NA,SSE,31,SSE,SE,19,11,53,40,1017.3,1014.8,7,8,23.4,27.4,No,No
4/3/2015,Uluru,17.5,34.3,0.6,NA,NA,E,46,E,WNW,22,9,67,25,1017.1,1012.5,8,2,21.9,33,No,No
4/4/2015,Uluru,20.9,33.2,0.2,NA,NA,SE,39,E,WNW,26,11,54,26,1015.8,1011.5,8,8,24.1,32.9,No,No
4/5/2015,Uluru,20.8,31.8,0,NA,NA,S,44,SE,SW,24,9,52,28,1014.9,1011.2,1,4,22.8,30.8,No,No
4/6/2015,Uluru,12.1,26.9,0,NA,NA,SSE,46,SE,SE,24,24,45,24,1018.1,1014.3,NA,NA,18.9,25.1,No,No
4/7/2015,Uluru,12.2,24.8,0,NA,NA,ESE,44,ESE,SE,28,22,45,21,1022.4,1018.7,NA,NA,15.9,23.1,No,No
4/8/2015,Uluru,9.1,26.1,0,NA,NA,E,44,E,ESE,24,24,31,14,1024,1018.4,NA,NA,16.2,24.9,No,No
4/9/2015,Uluru,10.7,26.8,0,NA,NA,ENE,41,ENE,SE,28,11,41,19,1022.1,1016.9,NA,NA,16.6,25.3,No,No
4/10/2015,Uluru,11.8,28.3,0,NA,NA,E,35,ENE,E,26,19,25,11,1020.3,1015.9,NA,NA,18.8,26.8,No,No
4/11/2015,Uluru,11.9,30.5,0,NA,NA,NE,31,ENE,NE,19,17,22,10,1018.4,1013.4,NA,NA,20.2,30.2,No,No
4/12/2015,Uluru,11.8,33.6,0,NA,NA,NNW,22,ESE,SW,9,2,20,8,1016.3,1011.5,NA,NA,20.3,32.2,No,No
4/13/2015,Uluru,13.5,36.5,0,NA,NA,WNW,41,ESE,NNW,9,15,17,8,1014.3,1009.2,NA,NA,23,35.7,No,No
4/14/2015,Uluru,14.4,37.7,0,NA,NA,N,41,NE,NW,6,11,18,9,1012.9,1009.8,NA,1,24.8,36.6,No,No
4/15/2015,Uluru,19.7,37.8,0,NA,NA,ESE,33,SE,WSW,17,6,33,13,1016.5,1013.4,NA,1,26.4,36.7,No,No
4/16/2015,Uluru,22.8,27.3,0,NA,NA,SSW,48,S,S,30,31,38,43,1017.6,1017.3,NA,7,25.3,25.3,No,No
4/17/2015,Uluru,14.4,25.8,0,NA,NA,S,39,SSE,ESE,15,13,62,42,1019.1,1015.1,NA,4,19.4,25.4,No,No
4/18/2015,Uluru,12.3,27.5,0,NA,NA,E,39,ESE,ESE,15,17,65,28,1020.6,1017.1,NA,NA,16,26.5,No,No
4/19/2015,Uluru,13.8,23.8,0,NA,NA,ESE,50,ESE,ESE,30,24,48,27,1025.5,1022.8,4,NA,17.7,23.2,No,No
4/20/2015,Uluru,12.4,21.4,0,NA,NA,E,57,ESE,E,35,33,42,21,1027.6,1023.7,NA,NA,14.6,20.3,No,No
4/21/2015,Uluru,10.8,22.9,0,NA,NA,E,57,E,ESE,35,26,32,13,1025.6,1020.1,2,NA,12.9,21.4,No,No
4/22/2015,Uluru,12.9,22.6,0,NA,NA,E,39,E,E,22,19,34,20,1021.1,1017.1,NA,8,15.1,21.9,No,No
4/23/2015,Uluru,15.1,23.1,0,NA,NA,SE,52,S,E,6,9,23,28,1018.2,1015.3,8,NA,18.7,20.8,No,No
4/24/2015,Uluru,10,26.2,0.4,NA,NA,SSW,39,SSE,S,15,22,29,20,1017.4,1014.7,NA,NA,18.4,25.1,No,No
4/25/2015,Uluru,4.4,22.5,0,NA,NA,SSE,39,SSE,SSE,22,15,52,25,1022.6,1018.3,NA,NA,13.1,20.8,No,No
4/26/2015,Uluru,8.7,23.4,0,NA,NA,ESE,33,ESE,ESE,20,13,51,25,1023.9,1019.6,NA,NA,14.3,22.4,No,No
4/27/2015,Uluru,9.5,23.1,0,NA,NA,E,43,ESE,ESE,26,17,50,28,1024.6,1020.8,NA,NA,13.8,22.1,No,No
4/28/2015,Uluru,9,22.2,0,NA,NA,E,46,E,ENE,26,24,47,28,1025.2,1020.5,NA,NA,14.4,20.6,No,No
4/29/2015,Uluru,7.1,21.8,0,NA,NA,E,41,E,ESE,24,19,42,23,1025.5,1020.5,NA,NA,13,20.3,No,No
4/30/2015,Uluru,6.3,21.9,0,NA,NA,E,37,E,ENE,20,19,38,19,1022.6,1019.5,NA,NA,13.3,21,No,No
5/1/2015,Uluru,4.8,25.3,0,NA,NA,ENE,28,E,SSW,11,6,31,9,1021.4,1017.8,NA,NA,13.3,24,No,No
5/2/2015,Uluru,11.4,27.6,0,NA,NA,ESE,30,SE,NE,11,9,18,8,1020.1,1016.6,7,NA,16.9,26.9,No,No
5/3/2015,Uluru,11,29.9,0,NA,NA,ENE,24,E,NNW,17,11,17,7,1019.6,1014.6,7,NA,18.6,29.1,No,No
5/4/2015,Uluru,10.5,33.7,0,NA,NA,SSW,44,E,WNW,2,26,18,7,1015.7,1011.6,7,7,17.8,32.7,No,No
5/5/2015,Uluru,13.7,23.1,0,NA,NA,SSW,48,S,SE,19,20,27,15,1021.1,1017.4,NA,NA,15.7,22,No,No
5/6/2015,Uluru,6.8,23.3,0,NA,NA,ESE,46,ESE,ESE,26,24,53,24,1024.5,1021,NA,NA,13.5,22.3,No,No
5/7/2015,Uluru,8.7,23.7,0,NA,NA,ENE,50,ESE,E,24,28,46,23,1027.4,1023.6,NA,NA,14.4,23.1,No,No
5/8/2015,Uluru,8.9,23.2,0,NA,NA,E,46,E,ENE,26,19,52,27,1025,1020.7,NA,NA,14.4,21.8,No,No
5/9/2015,Uluru,6.4,24.1,0,NA,NA,ESE,30,SE,SSE,13,17,41,23,1023.7,1020,NA,NA,13.6,22.9,No,No
5/10/2015,Uluru,6.5,24.6,0,NA,NA,SE,31,SE,ESE,19,17,42,21,1024.3,1021.2,NA,NA,15.1,23.8,No,No
5/11/2015,Uluru,3.3,25.2,0,NA,NA,E,46,ESE,ESE,19,17,48,24,1025.2,1021.1,NA,NA,14.6,24.1,No,No
5/12/2015,Uluru,10.6,25.2,0,NA,NA,SSE,37,ESE,SSE,17,9,59,31,1024.1,1020.9,NA,1,16.6,23.7,No,No
5/13/2015,Uluru,8.3,20.8,0,NA,NA,E,54,ESE,ESE,24,33,53,29,1029.3,1027.1,NA,NA,14.4,19.6,No,No
5/14/2015,Uluru,4.9,18.3,0,NA,NA,E,59,ESE,E,30,28,46,20,1033.3,1029.8,NA,NA,10.2,17.3,No,No
5/15/2015,Uluru,3.4,18.3,0,NA,NA,E,54,ESE,E,24,28,52,24,1032.1,1027.2,NA,NA,9.4,17.5,No,No
5/16/2015,Uluru,2.4,19.7,0,NA,NA,E,54,ESE,E,20,24,56,24,1027.6,1022.5,NA,NA,9.1,18.7,No,No
5/17/2015,Uluru,3.5,23.3,0,NA,NA,ENE,39,E,NE,19,15,49,23,1024.1,1018.6,NA,NA,11.4,22.2,No,No
5/18/2015,Uluru,7.3,28.1,0,NA,NA,NW,39,ENE,NNW,11,13,48,15,1019.6,1015.4,5,2,16,27.3,No,No
5/19/2015,Uluru,9.7,27.1,0,NA,NA,NE,28,NA,WSW,0,17,36,20,1018.9,1015.9,7,1,16.8,25.5,No,No
5/20/2015,Uluru,14.8,24.6,0,NA,NA,SSE,35,ESE,SSW,9,13,57,32,1021.6,1019.1,8,1,16.6,23.5,No,No
5/21/2015,Uluru,7.1,19.4,0,NA,NA,SE,39,ESE,ESE,20,22,62,26,1028.2,1024.4,NA,NA,11.1,18.6,No,No
5/22/2015,Uluru,3.7,17.2,0,NA,NA,E,67,ESE,E,20,20,55,32,1028.1,1024.8,NA,8,8.7,15.8,No,No
5/23/2015,Uluru,4.5,20.3,0,NA,NA,ENE,39,ENE,NE,20,11,53,24,1025.7,1021.3,4,3,9.7,20,No,No
5/24/2015,Uluru,9.6,21.1,0,NA,NA,E,26,ESE,S,15,4,36,23,1023.2,1020.9,8,8,14.2,20.3,No,No
5/25/2015,Uluru,11.9,19.7,0.8,NA,NA,E,22,SE,SSE,13,9,82,46,1024.1,1022.1,8,8,12.9,19.1,No,No
5/26/2015,Uluru,12.6,27.1,0.4,NA,NA,ENE,28,SE,ESE,11,2,67,31,1024.3,1019.5,7,NA,15.8,26.1,No,No
5/27/2015,Uluru,15.3,27.9,0.2,NA,NA,E,35,SE,NNE,17,9,53,29,1021.1,1016.5,6,5,18.5,27.1,No,Yes
5/28/2015,Uluru,15.6,24.5,3.2,NA,NA,ENE,26,S,ESE,11,13,90,49,1020.1,1017.1,7,7,16.8,23.6,Yes,No
5/29/2015,Uluru,16.5,23.4,0,NA,NA,SSE,46,S,SSE,11,19,88,59,1021.1,1018.2,8,8,16.8,21.4,No,No
5/30/2015,Uluru,14.9,16.8,0.6,NA,NA,S,26,SSW,ESE,9,15,98,100,1022.9,1019.1,8,8,15.2,15.4,No,Yes
5/31/2015,Uluru,12,17.3,10.4,NA,NA,E,33,SE,ESE,17,19,94,67,1022,1020.1,8,8,12.5,16.8,Yes,No
6/1/2015,Uluru,12.5,18.5,0,NA,NA,E,41,E,E,22,24,73,55,1023.9,1022.3,8,NA,13.5,17.5,No,No
6/2/2015,Uluru,9.5,23.6,0,NA,NA,E,30,ESE,ENE,17,20,61,36,1024.9,1019,4,NA,12.4,22.6,No,No
6/3/2015,Uluru,10.9,26.2,0,NA,NA,W,35,ESE,W,9,20,59,35,1021,1019.2,1,2,14.8,25.2,No,No
6/4/2015,Uluru,8.8,24.9,0,NA,NA,SE,31,SSE,SE,11,19,74,32,1025.2,1022.8,NA,NA,14.7,24.2,No,No
6/5/2015,Uluru,9.7,24.8,0,NA,NA,ENE,43,ESE,E,17,24,64,28,1027.3,1024.2,NA,NA,15,23.8,No,No
6/6/2015,Uluru,8.6,23.1,0,NA,NA,ENE,39,E,E,19,24,62,21,1027,1022.4,NA,1,13.2,21.8,No,No
6/7/2015,Uluru,7.1,22.4,0,NA,NA,SE,24,SSE,ESE,11,11,54,22,1025.4,1021.8,NA,1,11.6,21.5,No,No
6/8/2015,Uluru,3.7,22.5,0,NA,NA,SE,24,S,SE,9,11,53,21,1024.8,1021.3,NA,NA,11,22.1,No,No
6/9/2015,Uluru,7.7,22.9,0,NA,NA,SE,43,ESE,E,15,24,47,22,1026.8,1023.5,NA,2,12.5,22.2,No,No
6/10/2015,Uluru,10.9,18.3,0,NA,NA,ESE,44,ESE,E,22,26,73,44,1027.9,1024.9,3,1,12.8,17.7,No,No
6/11/2015,Uluru,6.9,20.2,0,NA,NA,E,41,ESE,ESE,20,20,74,38,1027.1,1022.9,NA,NA,11.8,19.6,No,No
6/12/2015,Uluru,6,22.1,0,NA,NA,E,28,ESE,E,13,11,67,35,1024,1019.5,NA,NA,10.3,21,No,No
6/13/2015,Uluru,9.2,24.5,0,NA,NA,NE,24,SE,NNE,11,6,65,36,1021.2,1016.9,NA,3,12.7,23.8,No,No
6/14/2015,Uluru,9.3,24.8,0,NA,NA,ENE,33,ESE,ENE,13,9,72,35,1019.3,1015.9,NA,1,15.2,24.3,No,No
6/15/2015,Uluru,10,25.6,0,NA,NA,WNW,26,ESE,WSW,15,11,83,31,1018.9,1015.9,NA,NA,13.7,24.6,No,No
6/16/2015,Uluru,9,23.7,0,NA,NA,S,39,ESE,SSE,9,20,64,37,1019.6,1017,1,3,15.2,22.5,No,No
6/17/2015,Uluru,6.2,20.4,0,NA,NA,ENE,31,ESE,S,17,9,76,39,1022.3,1019.3,NA,NA,11.2,19.3,No,No
6/18/2015,Uluru,4.6,19.8,0,NA,NA,ENE,33,E,SSE,11,11,81,37,1023,1020.8,NA,NA,9.3,19.4,No,No
6/19/2015,Uluru,5,20.3,0,NA,NA,E,33,E,ESE,19,15,66,36,1025.1,1021.3,NA,NA,10.2,19.2,No,No
6/20/2015,Uluru,5.4,21.3,0,NA,NA,ENE,26,SE,SE,9,9,68,32,1025.1,1021.1,NA,NA,10.4,20.1,No,No
6/21/2015,Uluru,6.6,25.1,0,NA,NA,NE,24,ESE,NE,13,11,60,24,1022.3,1018,NA,NA,11.3,23.8,No,No
6/22/2015,Uluru,4.5,27.3,0,NA,NA,NW,39,SE,NW,2,22,41,16,1019,1015.3,NA,NA,12.3,26.6,No,No
6/23/2015,Uluru,6.7,22.5,0,NA,NA,SSW,39,S,W,19,17,51,28,1020.8,1019.6,NA,NA,12.9,22.4,No,No
6/24/2015,Uluru,7.7,18.2,0,NA,NA,SE,35,SSE,ESE,22,20,76,36,1028.7,1027,8,NA,9.6,17.2,No,No
6/25/2015,Uluru,4.1,17.9,0,NA,NA,E,46,ESE,ESE,20,20,71,40,1031.7,1028.2,NA,NA,8.7,16.7,No,No
6/26/2015,Uluru,3.8,18.3,0,NA,NA,E,39,ESE,E,19,20,73,37,1031.5,1027.6,NA,NA,8.8,17.2,No,No
6/27/2015,Uluru,2.5,17.1,0,NA,NA,E,41,ESE,ESE,17,15,69,40,1029.9,1026,NA,NA,7,15.7,No,No
6/28/2015,Uluru,4.5,19.6,0,NA,NA,ENE,35,ESE,E,15,7,69,39,1028.7,1025,NA,3,8.9,18,No,No
6/29/2015,Uluru,7.6,22,0,NA,NA,ESE,33,SE,ESE,20,15,67,37,1027.2,1023.8,6,7,11.7,21.5,No,No
6/30/2015,Uluru,6.8,21.1,0,NA,NA,ESE,35,ESE,ESE,11,15,81,35,1028.6,1025.2,3,NA,10.6,20.2,No,No
7/1/2015,Uluru,5.9,21,0,NA,NA,E,30,E,ESE,15,7,70,32,1030.1,1025.9,NA,NA,10.5,20.4,No,No
7/2/2015,Uluru,5,20.7,0,NA,NA,ENE,31,ESE,ESE,13,15,59,30,1029.1,1025.2,NA,NA,9.3,19.7,No,No
7/3/2015,Uluru,2.2,20,0,NA,NA,ENE,30,ESE,E,13,9,55,24,1026.7,1021.9,NA,NA,8.4,19.1,No,No
7/4/2015,Uluru,0.7,20.3,0,NA,NA,ESE,44,SSE,SE,9,17,54,23,1024,1020,NA,NA,7.7,19.7,No,No
7/5/2015,Uluru,1.9,22,0,NA,NA,SSW,19,SE,ESE,9,7,49,24,1022.9,1019.6,NA,NA,8.5,21.2,No,No
7/6/2015,Uluru,2.5,23.2,0,NA,NA,SE,24,SSE,N,9,9,50,23,1022,1019,NA,NA,11,22.4,No,No
7/7/2015,Uluru,4.1,21.9,0,NA,NA,E,35,ESE,E,17,9,58,26,1022.7,1019.3,NA,4,11.8,21.3,No,No
7/8/2015,Uluru,3.6,22.3,0,NA,NA,NE,33,ESE,ESE,9,13,47,20,1021.5,1017.2,NA,NA,10.7,21.4,No,No
7/9/2015,Uluru,5.6,24.8,0,NA,NA,N,52,E,NNW,7,26,47,20,1019.4,1015.7,2,6,10.9,23.7,No,No
7/10/2015,Uluru,4.2,18.9,0,NA,NA,S,37,SE,SSW,6,9,60,35,1022.7,1020.7,NA,NA,9.8,17.9,No,No
7/11/2015,Uluru,3.2,18.5,0,NA,NA,S,46,SSW,SSW,19,24,62,29,1026.2,1024.4,NA,NA,8.2,17.5,No,No
7/12/2015,Uluru,0.7,16.2,0,NA,NA,SE,35,SE,ESE,19,17,60,35,1030,1026.6,NA,NA,7.6,15.2,No,No
7/13/2015,Uluru,0.7,18.1,0,NA,NA,ESE,35,SSE,ESE,7,17,72,36,1030.1,1026.1,NA,NA,7.1,17,No,No
7/14/2015,Uluru,1.8,15.9,0,NA,NA,E,28,SSE,SSE,4,17,78,38,1027.7,1023.9,8,6,6.3,15.4,No,No
7/15/2015,Uluru,5.2,16.7,0,NA,NA,SE,39,SSE,ESE,13,15,75,39,1026.8,1024,NA,NA,10.5,16,No,No
7/16/2015,Uluru,2.1,16.7,0,NA,NA,ESE,39,ESE,E,20,13,54,33,1027.9,1024.5,7,NA,10,15.8,No,No
7/17/2015,Uluru,2.6,16.3,0,NA,NA,E,37,ESE,E,15,20,57,31,1029,1025.8,NA,NA,7.2,15.2,No,No
7/18/2015,Uluru,1.6,16.7,0,NA,NA,E,41,ESE,E,19,22,65,29,1029.3,1025.8,NA,NA,6.8,15.8,No,No
7/19/2015,Uluru,0.4,16.5,0,NA,NA,ENE,39,E,E,19,19,62,29,1029,1024.5,NA,NA,6.1,15.2,No,No
7/20/2015,Uluru,0.4,19.2,0,NA,NA,E,30,ESE,NE,13,13,51,13,1026.3,1021.2,NA,NA,5.8,18.3,No,No
7/21/2015,Uluru,0.3,22.6,0,NA,NA,NNW,46,NA,NNW,0,26,31,12,1021.2,1017.3,3,8,7.5,22.4,No,No
7/22/2015,Uluru,7.5,22.1,0,NA,NA,E,31,SE,NE,19,15,51,27,1021.9,1019.4,2,8,13.8,21,No,No
7/23/2015,Uluru,13.8,26.9,0,NA,NA,S,35,NA,NW,0,17,49,24,1019.1,1015.1,7,8,16.2,25.4,No,Yes
7/24/2015,Uluru,13.7,17.3,8,NA,NA,SSE,22,SSW,SE,9,11,92,67,1022.1,1020.5,8,7,14.1,16.9,Yes,Yes
7/25/2015,Uluru,11.9,15.4,1.2,NA,NA,ESE,22,ESE,E,13,17,73,83,1024.5,1022.6,8,8,12.6,15.1,Yes,No
7/26/2015,Uluru,11.7,16.1,0,NA,NA,S,30,SE,ESE,15,15,76,60,1028.5,1026.7,8,8,12.1,15.1,No,No
7/27/2015,Uluru,5.9,18.1,0,NA,NA,E,44,ESE,E,19,28,81,43,1033.4,1029.7,NA,NA,9.3,17.1,No,No
7/28/2015,Uluru,3.8,17.5,0,NA,NA,NA,NA,E,E,22,19,73,31,1033.1,1028.5,NA,NA,8.1,16.4,No,NA
7/29/2015,Uluru,2,21.2,NA,NA,NA,E,28,ESE,N,9,4,59,15,1028.6,1024.3,NA,NA,7.8,20.9,NA,No
7/30/2015,Uluru,4.4,26.4,0,NA,NA,ENE,19,SSE,NE,11,4,44,13,1026.2,1022.2,NA,NA,11.2,25.1,No,No
7/31/2015,Uluru,7.7,29.4,0,NA,NA,NNE,31,SSE,NE,7,17,40,16,1022.6,1017.6,NA,NA,15.1,28.5,No,No
8/1/2015,Uluru,6.1,28.8,0,NA,NA,NNW,46,NW,WNW,9,30,29,7,1018.5,1015.1,NA,NA,15.2,28,No,No
8/2/2015,Uluru,10.6,22.2,0,NA,NA,SE,41,SSE,SE,17,19,74,39,1023.1,1022.1,1,3,14.7,21.1,No,No
8/3/2015,Uluru,6,18.7,0,NA,NA,ESE,41,ESE,ESE,19,22,56,27,1029.3,1026.3,NA,NA,10.4,17.7,No,No
8/4/2015,Uluru,6.8,18.8,0,NA,NA,E,41,SE,ESE,22,20,55,29,1029.8,1025.7,NA,NA,10.8,18.1,No,No
8/5/2015,Uluru,4,18.4,0,NA,NA,E,41,ESE,SSE,19,20,60,31,1028,1023.8,NA,NA,9.6,17.1,No,No
8/6/2015,Uluru,3.8,19.7,0,NA,NA,E,44,ESE,E,17,20,51,26,1026.3,1022.3,NA,NA,9.8,18.5,No,No
8/7/2015,Uluru,3.2,21.3,0,NA,NA,E,31,E,ENE,13,15,54,22,1024.9,1021.1,NA,NA,10.6,19.9,No,No
8/8/2015,Uluru,4.3,24.3,0,NA,NA,N,35,ESE,N,13,17,51,14,1022.2,1017,NA,NA,10.5,23.3,No,No
8/9/2015,Uluru,3.7,27.8,0,NA,NA,WNW,46,NA,WNW,0,20,31,12,1018.7,1015.1,NA,NA,14.2,27.2,No,No
8/10/2015,Uluru,5.5,25.7,0,NA,NA,E,28,SE,NE,13,11,38,21,1021.5,1017.2,NA,NA,14,23.8,No,No
8/11/2015,Uluru,8.5,24.3,0,NA,NA,WSW,39,SW,W,11,22,28,8,1021.2,1017.8,7,NA,12.9,22.8,No,No
8/12/2015,Uluru,4.4,18.5,0,NA,NA,SSE,41,SSE,SE,13,19,54,27,1025.6,1022.9,NA,NA,9.8,17.5,No,No
8/13/2015,Uluru,2.7,21,0,NA,NA,E,35,E,ESE,19,17,54,26,1027.2,1022.9,NA,NA,10.6,19.5,No,No
8/14/2015,Uluru,2.5,23,0,NA,NA,E,35,ESE,E,11,19,48,20,1027.2,1023.8,NA,NA,11.5,21.7,No,No
8/15/2015,Uluru,6.1,23,0,NA,NA,E,41,E,ESE,17,17,49,23,1029.4,1025.7,NA,NA,13.5,22.2,No,No
8/16/2015,Uluru,5.9,23,0,NA,NA,SE,30,E,E,15,13,43,21,1028.4,1023.5,NA,NA,13.1,22.5,No,No
8/17/2015,Uluru,4.9,24.8,0,NA,NA,S,44,SE,SSE,7,17,35,16,1025.6,1021.6,NA,NA,13.7,24.1,No,No
8/18/2015,Uluru,5.3,25.8,0,NA,NA,NNE,24,E,NE,6,7,33,15,1023,1019.2,8,8,13.6,24.5,No,No
8/19/2015,Uluru,5.6,29.8,0,NA,NA,NW,37,NA,NNW,0,20,26,10,1020.3,1015.9,NA,NA,15.3,28.2,No,No
8/20/2015,Uluru,15.2,29.5,0,NA,NA,N,54,N,N,13,35,21,12,1017.6,1012.3,8,8,21.1,27.7,No,No
8/21/2015,Uluru,12.3,28.4,0,NA,NA,WSW,43,ESE,N,13,13,57,26,1016.6,1012.6,4,NA,18.4,26.7,No,No
8/22/2015,Uluru,11.6,31.8,0,NA,NA,NW,56,SE,NW,7,30,44,19,1015.3,1011.2,NA,1,18,30.8,No,No
8/23/2015,Uluru,13.5,25.3,0,NA,NA,W,46,SW,W,22,24,31,16,1017.8,1016.4,NA,NA,18.8,24.3,No,No
8/24/2015,Uluru,4.8,22.2,0,NA,NA,ESE,35,SE,E,15,13,59,24,1024.3,1019.8,NA,NA,12.5,21.4,No,No
8/25/2015,Uluru,8.9,19,0,NA,NA,E,44,E,ENE,28,26,54,44,1023.5,1020.2,NA,4,12.7,17.6,No,No
8/26/2015,Uluru,8.7,21.1,0.4,NA,NA,E,43,SE,ESE,22,22,77,47,1022.9,1018.8,1,8,12.4,19.7,No,No
8/27/2015,Uluru,8.9,22.3,0,NA,NA,ENE,43,E,ESE,26,24,64,35,1024.6,1020.1,NA,NA,12.9,21.2,No,No
8/28/2015,Uluru,12.7,20.9,0,NA,NA,E,46,ESE,SE,26,24,36,32,1023.6,1020.5,8,3,13.5,19.5,No,No
8/29/2015,Uluru,6.6,25.4,0,NA,NA,ENE,28,E,NE,17,6,36,27,1023.6,1019,NA,NA,14.2,24.3,No,No
8/30/2015,Uluru,9.5,28.8,0,NA,NA,SSW,44,E,WNW,19,11,29,17,1021,1016.7,NA,7,16.7,28.2,No,No
8/31/2015,Uluru,13.4,28.7,1,NA,NA,NW,57,ESE,NNW,9,19,65,29,1018.4,1013.1,4,7,17,27.3,No,No
9/1/2015,Uluru,15.1,29.9,0.4,NA,NA,WNW,50,W,WNW,13,31,68,18,1012,1007.2,7,2,19.5,28.6,No,No
9/2/2015,Uluru,8.1,21.5,0.2,NA,NA,SSW,54,SSW,SW,22,19,34,22,1019.6,1017.6,NA,NA,12.1,20.3,No,No
9/3/2015,Uluru,5,22.6,0,NA,NA,SE,31,SE,ESE,20,20,49,19,1024.2,1019.9,NA,NA,13.2,21.6,No,No
9/4/2015,Uluru,7.5,24.5,0,NA,NA,ENE,35,E,S,24,7,51,19,1024.2,1019.5,NA,NA,14.8,23.1,No,No
9/5/2015,Uluru,6.2,29.1,0,NA,NA,NE,22,ENE,ESE,13,6,38,14,1021.8,1016.2,NA,NA,16.1,27.3,No,No
9/6/2015,Uluru,8.5,31.7,0,NA,NA,S,43,ESE,W,6,13,27,12,1017.9,1015.1,NA,4,19,30.3,No,No
9/7/2015,Uluru,13,24.9,0,NA,NA,ESE,43,ESE,E,20,20,31,22,1024.5,1020.8,8,5,16.6,24.5,No,No
9/8/2015,Uluru,9.1,24.9,0,NA,NA,E,41,E,ESE,28,24,33,20,1026.8,1022.7,NA,NA,15.7,23.6,No,No
9/9/2015,Uluru,7.9,25.7,0,NA,NA,ENE,44,E,ENE,26,24,31,16,1028.6,1024.1,NA,NA,16,24.5,No,No
9/10/2015,Uluru,6.1,26.8,0,NA,NA,NE,44,ENE,NE,24,15,35,14,1028.9,1023.1,NA,NA,17.2,24.7,No,No
9/11/2015,Uluru,7.2,29.8,0,NA,NA,NNE,31,ENE,N,15,9,30,9,1024.8,1019,NA,NA,18.7,29.1,No,No
9/12/2015,Uluru,8.7,31.6,0,NA,NA,NNW,30,NE,W,6,6,17,8,1021.5,1016.9,NA,NA,20.4,30.8,No,No
9/13/2015,Uluru,7.9,33.1,0,NA,NA,NW,46,E,NW,7,28,13,6,1018.3,1013.4,NA,NA,20.9,31.9,No,No
9/14/2015,Uluru,11.2,29.8,0,NA,NA,WSW,35,S,NE,24,6,41,14,1018,1015.1,NA,NA,19.1,28.5,No,No
9/15/2015,Uluru,12.6,30.8,0,NA,NA,SSE,48,E,NW,26,6,33,14,1019,1014.6,3,4,19.4,29.2,No,No
9/16/2015,Uluru,12.1,27.8,0,NA,NA,ESE,37,SSE,SSE,24,13,28,17,1021.7,1018.2,4,3,17.8,26.6,No,No
9/17/2015,Uluru,10.9,26.5,0,NA,NA,ESE,43,ESE,SE,28,22,33,19,1024.9,1021,NA,6,16.7,24.8,No,No
9/18/2015,Uluru,13.5,26.9,0,NA,NA,E,41,E,SE,30,11,28,16,1024.6,1019.8,1,NA,18.4,26.1,No,No
9/19/2015,Uluru,9.2,29.4,0,NA,NA,E,28,E,NNE,20,7,21,10,1021,1015.8,NA,NA,19.5,27.6,No,No
9/20/2015,Uluru,8.4,31.8,0,NA,NA,SW,37,ESE,SE,11,13,17,9,1018.5,1014.6,NA,5,19.6,30.6,No,No
9/21/2015,Uluru,12.4,26,0,NA,NA,E,39,SSE,E,26,15,48,23,1024.1,1020,NA,NA,14.5,24.9,No,No
9/22/2015,Uluru,8.1,24.4,0,NA,NA,ESE,50,E,ESE,33,24,39,17,1027,1022.9,NA,NA,15.6,23,No,No
9/23/2015,Uluru,8.9,25,0,NA,NA,E,56,E,E,35,24,28,15,1027.5,1022.4,NA,NA,16.4,24.1,No,No
9/24/2015,Uluru,7,23.7,0,NA,NA,ENE,50,E,ENE,30,26,24,10,1026.4,1021.1,NA,NA,14.9,22.7,No,No
9/25/2015,Uluru,7.1,24.5,0,NA,NA,E,43,E,E,24,20,19,9,1024.9,1019.2,NA,NA,15.5,23.4,No,No
9/26/2015,Uluru,7.4,26.1,0,NA,NA,E,39,ENE,SE,24,17,18,9,1023,1018.3,NA,NA,17,24.5,No,No
9/27/2015,Uluru,7.3,27.3,0,NA,NA,SE,35,ENE,ESE,20,11,16,8,1021.3,1017.1,NA,NA,18.9,26.2,No,No
9/28/2015,Uluru,6.7,29.3,0,NA,NA,ENE,35,E,SE,15,9,16,8,1019.9,1015.8,NA,NA,21,27.3,No,No
9/29/2015,Uluru,8.3,31.5,0,NA,NA,ENE,39,SE,E,2,20,14,7,1020.1,1016.8,NA,NA,22.2,30.1,No,No
9/30/2015,Uluru,10,34.2,0,NA,NA,NE,41,NA,ENE,0,19,9,6,1022.7,1019.8,NA,NA,24.3,32.4,No,No
10/1/2015,Uluru,12.3,34.6,0,NA,NA,ESE,39,ESE,SSE,15,13,16,7,1026.9,1021.7,NA,NA,24.8,33.8,No,No
10/2/2015,Uluru,14.7,35.8,0,NA,NA,ENE,37,E,NE,17,9,13,6,1026.6,1021.7,NA,NA,26.9,34.1,No,No
10/3/2015,Uluru,12.5,34.7,0,NA,NA,NE,41,E,ESE,15,17,9,4,1025.8,1020.3,NA,NA,25.8,33.6,No,No
10/4/2015,Uluru,13.7,35.3,0,NA,NA,E,41,NE,E,15,22,13,8,1022.7,1017.7,NA,NA,27.4,34.5,No,No
10/5/2015,Uluru,13.9,34.2,0,NA,NA,NNE,48,NNE,N,9,20,11,6,1020.3,1013.7,NA,NA,26,33,No,No
10/6/2015,Uluru,12.2,36.6,0,NA,NA,S,52,SSW,S,6,13,10,5,1016,1012.7,NA,NA,25.6,35.8,No,No
10/7/2015,Uluru,16,33.2,0,NA,NA,ESE,44,ESE,E,31,20,35,17,1022.5,1017.6,NA,NA,20.6,31.9,No,No
10/8/2015,Uluru,18.4,35.7,0,NA,NA,ENE,46,E,SE,30,9,18,9,1022.6,1017.5,NA,NA,27.6,33.4,No,No
10/9/2015,Uluru,17.5,36.4,0,NA,NA,NE,46,ENE,ENE,26,22,11,7,1022.4,1017.7,NA,NA,29.6,35.5,No,No
10/10/2015,Uluru,15.5,36.5,0,NA,NA,ENE,44,ESE,ENE,7,20,15,9,1022.1,1017.5,NA,NA,28,35.9,No,No
10/11/2015,Uluru,15.9,37.3,0,NA,NA,SE,48,ESE,SE,11,11,12,8,1019.4,1015.1,NA,NA,29.7,35.5,No,No
10/12/2015,Uluru,16.7,36,0,NA,NA,ESE,46,E,ENE,31,7,6,7,1020.3,1015.5,NA,NA,28.4,35.5,No,No
10/13/2015,Uluru,19.1,36.6,0,NA,NA,E,46,E,NE,37,22,19,9,1019.3,1014.5,NA,NA,26.1,35.3,No,No
10/14/2015,Uluru,18.8,38.9,0,NA,NA,WNW,37,ENE,NNW,24,19,15,8,1017.2,1012.2,NA,NA,28.8,38.4,No,No
10/15/2015,Uluru,19,40.4,0,NA,NA,NW,39,NW,NNE,11,4,11,7,1015.1,1010.5,NA,3,30.7,38.1,No,No
10/16/2015,Uluru,24.9,39.9,0,NA,NA,S,69,SE,NE,37,17,23,8,1015.2,1010.9,NA,7,30.5,36.7,No,No
10/17/2015,Uluru,23.2,39.8,0,NA,NA,N,65,ESE,E,33,22,26,10,1017.4,1012.4,NA,NA,29.1,39,No,No
10/18/2015,Uluru,21.8,39.1,0,NA,NA,NE,41,NE,E,22,11,14,9,1018.8,1013.8,NA,NA,31.3,38.2,No,No
10/19/2015,Uluru,18.2,38.6,0,NA,NA,WNW,46,NNW,WSW,26,19,10,9,1017.1,1012.5,NA,8,32,36.6,No,No
10/20/2015,Uluru,25.2,38.6,0,NA,NA,SSE,48,SSW,WSW,17,19,35,15,1016.2,1011.1,3,4,29.4,36.7,No,No
10/21/2015,Uluru,18.5,34.4,0,NA,NA,E,43,E,E,28,22,29,16,1019.3,1013.8,NA,NA,24.4,32.8,No,No
10/22/2015,Uluru,19.1,36.1,0,NA,NA,E,50,E,NE,30,20,24,10,1018.6,1013.8,NA,NA,27.2,35.2,No,No
10/23/2015,Uluru,18.2,38,0,NA,NA,ENE,44,ENE,NNW,31,9,13,8,1017,1011.7,NA,5,29,36.1,No,No
10/24/2015,Uluru,22.7,36.6,0,NA,NA,ENE,48,SSW,NE,20,13,11,15,1017.7,1011.8,7,8,26.3,34.5,No,No
10/25/2015,Uluru,22.6,39.2,0,NA,NA,NW,56,ENE,NE,11,6,25,7,1015.8,1010.7,NA,NA,30.5,38,No,No
10/26/2015,Uluru,26.3,38.2,0,NA,NA,WSW,50,S,E,15,15,20,11,1015.4,1012.3,7,2,31.4,36.9,No,No
10/27/2015,Uluru,24.3,38.2,0,NA,NA,E,43,E,SSE,28,9,22,10,1016.9,1012.5,7,7,28.8,37.7,No,No
10/28/2015,Uluru,23,39.9,0,NA,NA,WNW,54,ENE,NW,31,30,16,12,1015.3,1011.1,NA,3,30.9,37.9,No,No
10/29/2015,Uluru,23.4,32.5,0.4,NA,NA,N,56,NNW,S,13,15,38,25,1016.6,1013.9,7,8,27.6,31.2,No,No
10/30/2015,Uluru,21.8,37.8,0,NA,NA,SW,57,ENE,ESE,7,9,34,16,1015,1010.2,NA,3,28,36.3,No,No
10/31/2015,Uluru,21.4,39.8,1,NA,NA,WSW,39,WNW,WSW,24,9,32,9,1012.4,1007.7,NA,2,31.1,39,No,No
11/1/2015,Uluru,22.6,40.3,0,NA,NA,E,43,ESE,SE,28,19,14,9,1011.7,1006.7,NA,NA,32.2,38.6,No,No
11/2/2015,Uluru,26.4,43.7,0,NA,NA,WNW,69,NE,NW,30,35,20,7,1005.8,1000.3,NA,NA,32.7,41.4,No,No
11/3/2015,Uluru,21.7,37.3,0.8,NA,NA,NA,NA,WNW,WNW,22,31,38,15,1006.9,1003,NA,2,28.8,36.8,No,NA
11/4/2015,Uluru,16,33.4,NA,NA,NA,WSW,41,SW,WNW,17,19,40,13,1011.9,1007.2,NA,NA,22.5,32.9,NA,No
11/5/2015,Uluru,14.1,35.4,0,NA,NA,E,30,ENE,ESE,19,15,35,12,1013.8,1008.8,NA,NA,23.6,33.6,No,No
11/6/2015,Uluru,18.3,39.8,0,NA,NA,S,39,E,SE,19,11,20,7,1012.1,1006.7,NA,NA,28.9,38.4,No,No
11/7/2015,Uluru,25.1,41.4,0,NA,NA,N,46,ENE,NNE,26,19,17,10,1011.9,1007.2,NA,6,31.2,39,No,No
11/8/2015,Uluru,27.5,32.3,0,NA,NA,W,44,S,WSW,13,26,19,40,1015.9,1013.7,7,6,28.7,28.3,No,No
11/9/2015,Uluru,19.9,34.4,0,NA,NA,NNE,44,SE,NE,9,17,58,17,1014.5,1010.8,7,8,23.4,32,No,No
11/10/2015,Uluru,20.1,34.4,0,NA,NA,SW,39,SW,NNW,11,11,46,27,1011.6,1009.5,1,7,26.3,30.5,No,No
11/11/2015,Uluru,18,39,0,NA,NA,NE,35,ENE,ESE,9,13,18,10,1012,1008.4,NA,NA,31.9,37,No,No
11/12/2015,Uluru,22.7,41.2,0,NA,NA,NW,46,ESE,WSW,19,11,15,8,1013.7,1009.8,NA,1,33.7,40.5,No,No
11/13/2015,Uluru,24.8,37.5,0,NA,NA,SE,48,ESE,E,28,24,20,9,1016.4,1011.7,NA,NA,29,37.3,No,No
11/14/2015,Uluru,21.3,34.6,0,NA,NA,ESE,48,E,SSE,30,19,17,10,1016.2,1011.9,5,6,26.7,33.5,No,No
11/15/2015,Uluru,18.9,35.3,0,NA,NA,E,44,E,SSW,30,24,12,7,1015.2,1010.8,NA,NA,26.5,34.1,No,No
11/16/2015,Uluru,15.7,37.7,0,NA,NA,NE,31,NE,SSW,15,9,11,5,1013.4,1009.4,NA,NA,27.4,35.8,No,No
11/17/2015,Uluru,18.4,40.7,0,NA,NA,SE,44,NNE,SSE,11,9,9,6,1013.8,1009.5,NA,NA,30.2,39.5,No,No
11/18/2015,Uluru,19.6,42.2,0,NA,NA,ESE,39,NNE,NE,19,22,8,5,1014.3,1009.5,NA,NA,32.8,40.4,No,No
11/19/2015,Uluru,20.5,42.9,0,NA,NA,WNW,50,N,N,17,19,7,4,1012.8,1008.4,NA,NA,34.9,41.1,No,No
11/20/2015,Uluru,25.9,39.1,0,NA,NA,S,57,SSE,SSE,35,30,36,17,1014.5,1010.4,NA,NA,28.2,37.5,No,No
11/21/2015,Uluru,20.8,37.3,0,NA,NA,E,50,ESE,E,31,20,24,11,1018.8,1013.4,NA,NA,26.2,35.6,No,No
11/22/2015,Uluru,20.5,38.5,0,NA,NA,E,44,E,SE,33,15,16,9,1016.6,1011.8,NA,NA,28.4,37.4,No,No
11/23/2015,Uluru,22.2,37.9,0,NA,NA,E,44,E,NE,30,17,13,9,1016.3,1011.6,NA,NA,29.8,36.7,No,No
11/24/2015,Uluru,22.7,39.3,0,NA,NA,ENE,43,NE,N,26,13,14,8,1014,1008,NA,NA,29.7,36.5,No,No
11/25/2015,Uluru,23.1,41.9,0,NA,NA,SW,69,NNW,NW,20,33,7,8,1006.1,1002.7,1,5,35.5,40.1,No,No
11/26/2015,Uluru,23.4,33.9,0,NA,NA,ENE,43,ESE,E,17,17,35,23,1013.1,1010.2,NA,8,27.5,31.8,No,No
11/27/2015,Uluru,21.3,37,0,NA,NA,ENE,46,E,S,31,11,22,14,1013.9,1009.7,NA,NA,27.7,36.2,No,No
11/28/2015,Uluru,22.6,39.8,0,NA,NA,W,46,NE,WNW,17,20,16,12,1013.1,1008.6,1,8,30.5,37.4,No,No
11/29/2015,Uluru,22.2,40.6,0,NA,NA,WSW,57,WNW,SE,9,19,21,20,1010.4,1006.6,NA,7,34.9,34.5,No,No
11/30/2015,Uluru,20.4,41,0,NA,NA,SW,54,NW,SW,17,39,30,16,1008.2,1004.4,2,3,31.2,35.2,No,No
12/1/2015,Uluru,19.4,37.1,0.4,NA,NA,ESE,61,ESE,SE,28,15,24,14,1012.8,1010,NA,NA,28.3,35.8,No,No
12/2/2015,Uluru,22.9,32.9,0,NA,NA,E,52,E,ESE,28,20,23,17,1018.4,1015,NA,1,25.2,31.4,No,No
12/3/2015,Uluru,17.7,37.2,0,NA,NA,NE,39,ENE,W,24,7,17,7,1018.3,1012.1,NA,NA,25.9,35.5,No,No
12/4/2015,Uluru,20.4,39.7,0,NA,NA,SSW,33,SSW,NNW,22,20,10,8,1015.1,1009.8,NA,NA,27.6,37.8,No,No
12/5/2015,Uluru,20,44.1,0,NA,NA,NNW,57,NE,N,24,24,9,10,1010.5,1005.3,NA,2,36.1,41.5,No,No
12/6/2015,Uluru,26.6,34.3,0,NA,NA,WNW,61,N,NNW,11,13,47,35,1011.7,1009.6,7,8,28.5,32.6,No,Yes
12/7/2015,Uluru,19.9,34.2,15.2,NA,NA,WSW,56,NE,NNW,22,19,92,49,1012.9,1009,7,2,21.9,31.9,Yes,Yes
12/8/2015,Uluru,19.8,37.1,4.6,NA,NA,NW,37,NW,NNW,17,11,67,26,1013.2,1009.9,NA,7,25.4,35.8,Yes,No
12/9/2015,Uluru,24.9,40.1,0.2,NA,NA,SSW,57,E,ESE,30,7,25,12,1013.7,1009.4,NA,2,32.1,39,No,No
12/10/2015,Uluru,26.9,39.3,0,NA,NA,N,61,ENE,S,17,11,27,19,1012.1,1008.4,8,8,33.2,37.6,No,No
12/11/2015,Uluru,24.4,39.4,0,NA,NA,SSW,46,E,SSW,9,30,38,21,1010.3,1006.4,NA,5,31.3,37,No,No
12/12/2015,Uluru,24.1,36.2,0,NA,NA,ENE,41,E,NE,22,15,35,20,1012.6,1008.1,NA,NA,27.8,35.1,No,No
12/13/2015,Uluru,25.7,40.2,0,NA,NA,SW,69,NE,WSW,26,9,24,13,1010.1,1005.7,NA,4,32.8,39.1,No,No
12/14/2015,Uluru,30.2,39.5,0,NA,NA,W,44,NNW,W,19,20,26,20,1008,1005.3,7,1,33.1,38.1,No,Yes
12/15/2015,Uluru,23.5,32.1,3.8,NA,NA,E,33,NA,NE,0,19,62,39,1010.9,1009.1,1,2,25.9,30.5,Yes,No
12/16/2015,Uluru,19.4,37.7,0,NA,NA,E,43,E,ENE,11,4,34,21,1010.3,1005.7,NA,1,29.4,35.4,No,No
12/17/2015,Uluru,22.2,39.4,0,NA,NA,E,59,NE,ESE,13,20,37,20,1008.8,1004.9,NA,NA,29.9,36.8,No,No
12/18/2015,Uluru,22.8,39.4,0,NA,NA,NE,41,N,E,9,20,42,22,1008.4,1004.1,NA,8,29.6,36.6,No,No
12/19/2015,Uluru,23.4,39.9,0,NA,NA,ENE,39,NNW,NW,15,6,44,18,1005.8,1000.8,NA,7,30.7,38.6,No,No
12/20/2015,Uluru,23.8,30.3,0,NA,NA,SSE,43,ESE,NNE,13,20,66,63,1006.9,1004.9,6,5,25.7,28.9,No,Yes
12/21/2015,Uluru,23.6,34.6,4.8,NA,NA,E,44,ESE,ESE,30,17,64,43,1009.7,1007.5,2,2,26.4,32.2,Yes,No
12/22/2015,Uluru,24.2,35.1,0,NA,NA,NA,NA,E,ESE,24,20,67,43,1012.7,1008.2,8,8,27.1,32.9,No,NA
12/23/2015,Uluru,24,38.5,NA,NA,NA,ENE,39,ENE,NE,24,9,51,25,1010.6,1005,NA,7,29,36.5,NA,No
12/24/2015,Uluru,28.2,39.5,0,NA,NA,SW,83,ENE,N,28,7,35,21,1005.9,1001,7,7,30.6,38.1,No,Yes
12/25/2015,Uluru,23.4,41.4,2,NA,NA,S,67,NNE,SW,9,15,49,20,1003.4,999.8,NA,2,30.5,39.5,Yes,No
12/26/2015,Uluru,18,34.2,0.2,NA,NA,SSE,52,SSE,SE,28,22,51,29,1010.6,1007,NA,NA,21.1,32,No,No
12/27/2015,Uluru,20.5,34.7,0,NA,NA,E,52,ESE,E,35,20,23,12,1013.2,1010.1,NA,NA,24.3,33,No,No
12/28/2015,Uluru,18,36.4,0,NA,NA,ESE,54,E,ESE,30,31,17,7,1014.7,1010.9,NA,NA,26.7,35,No,No
12/29/2015,Uluru,17.5,37.1,0,NA,NA,E,56,E,SE,33,22,12,7,1012.6,1007.5,NA,NA,28.1,34.7,No,No
12/30/2015,Uluru,20,38.9,0,NA,NA,E,59,E,SSE,20,17,12,12,1007.2,1002.6,NA,1,31.3,38.4,No,No
12/31/2015,Uluru,19.3,37.4,0,NA,NA,SE,56,ESE,S,20,28,46,18,1007.3,1003.7,NA,NA,25.8,35.8,No,No
1/1/2016,Uluru,18.7,37.3,0,NA,NA,SE,56,S,SSE,17,33,45,17,1009.9,1006.3,NA,NA,25.8,35.5,No,No
1/2/2016,Uluru,20,38.5,0,NA,NA,SE,50,E,SSE,19,22,40,15,1012.1,1007.5,NA,NA,26.5,35.9,No,No
1/3/2016,Uluru,20.6,39.9,0,NA,NA,SSW,54,ESE,SW,13,17,25,13,1010.8,1007.1,NA,NA,31.2,38.3,No,No
1/4/2016,Uluru,21,39.9,0,NA,NA,SSW,54,SE,SSW,22,20,17,11,1011.4,1007.6,NA,4,30.8,38,No,No
1/5/2016,Uluru,21.3,39.5,0,NA,NA,SSW,46,E,SE,28,17,13,8,1012.2,1008.2,NA,NA,30,37.2,No,No
1/6/2016,Uluru,20.7,41.3,0,NA,NA,SE,41,ENE,SSE,20,13,13,9,1012.4,1008.9,NA,NA,30.9,40.5,No,No
1/7/2016,Uluru,23.9,39,0,NA,NA,ESE,56,ESE,NE,13,7,16,11,1013.4,1009.5,NA,1,32.6,37.5,No,No
1/8/2016,Uluru,NA,39,0,NA,NA,NA,NA,ENE,NE,26,20,19,12,1013,1009.7,NA,8,33.1,37.7,No,NA
1/9/2016,Uluru,28.8,38.4,NA,NA,NA,NW,48,ENE,NNW,26,26,17,13,1013.7,1011,8,6,32.8,36.8,NA,No
1/10/2016,Uluru,27.8,40.7,0,NA,NA,WNW,56,S,NW,20,31,18,15,1013.3,1009.3,6,5,31,39.3,No,No
1/11/2016,Uluru,28.4,38.2,0,NA,NA,NNW,43,WSW,SW,22,19,40,23,1010.5,1008.2,5,6,30.6,35.2,No,No
1/12/2016,Uluru,25.7,38,0,NA,NA,SSW,57,NNW,NNW,13,20,42,25,1010.4,1007.8,5,1,30.9,36.4,No,No
1/13/2016,Uluru,21.7,39.4,0.4,NA,NA,S,56,NW,WSW,4,6,44,25,1012.2,1008.3,8,1,30.5,37,No,No
1/14/2016,Uluru,21.6,26.3,0,NA,NA,SSE,63,SSE,SE,19,33,68,55,1016.4,1015.7,8,8,23,24.2,No,No
1/15/2016,Uluru,18.8,30.4,0,NA,NA,E,52,ESE,ESE,30,20,60,37,1019.4,1015.1,7,NA,20.6,28.7,No,No
1/16/2016,Uluru,20,33.3,0,NA,NA,ENE,31,E,ESE,20,13,29,18,1016.5,1012,NA,NA,23.4,31.9,No,No
1/17/2016,Uluru,21.4,36.8,0,NA,NA,ENE,30,E,SSW,22,15,20,12,1013.7,1008.8,5,6,26.7,35.4,No,No
1/18/2016,Uluru,24.7,40.2,0,NA,NA,E,33,ENE,N,22,22,25,14,1010,1006.2,3,8,29.7,37.8,No,No
1/19/2016,Uluru,24.6,35.6,0,NA,NA,W,46,NNW,SW,11,2,36,46,1009.8,1009.6,NA,8,31.5,30.9,No,No
1/20/2016,Uluru,22.6,39.4,0,NA,NA,NA,NA,NW,NW,13,22,54,27,1012,1006.4,NA,NA,28.8,38.2,No,NA
1/21/2016,Uluru,22.4,37,NA,NA,NA,NA,NA,NA,NA,NA,NA,81,40,1010.9,1006.2,4,NA,25.1,35.7,NA,Yes
1/22/2016,Uluru,23.1,39.1,1.8,NA,NA,NA,NA,NA,NA,NA,NA,69,34,1010.7,1007.6,NA,1,28.5,38.3,Yes,No
1/23/2016,Uluru,24.1,37.4,0,NA,NA,NA,NA,NA,NA,NA,NA,44,29,1013.8,1010.1,NA,1,29.1,35.2,No,No
1/24/2016,Uluru,25.1,38.3,0,NA,NA,NA,NA,NA,NA,NA,NA,35,19,1013.3,1009,5,NA,28.4,36.7,No,No
1/25/2016,Uluru,23.5,35.9,0,NA,NA,NA,NA,NA,NA,NA,NA,23,13,1012,1009.3,NA,6,28.6,34.8,No,No
1/26/2016,Uluru,22.7,37.1,0,NA,NA,NA,NA,NA,NA,NA,NA,21,16,1009.6,1007.8,2,8,31.5,35,No,No
1/27/2016,Uluru,25.6,37.5,0,NA,NA,NA,NA,NA,NA,NA,NA,26,23,1009.6,1007.1,2,8,31.9,35,No,No
1/28/2016,Uluru,25.6,36.1,0,NA,NA,NA,NA,NA,NA,NA,NA,39,27,1010.9,1007.1,7,7,28.9,34.8,No,No
1/29/2016,Uluru,24.5,36.6,0,NA,NA,NA,NA,NA,NA,NA,NA,34,24,1010.7,1006.5,5,3,27.9,33.7,No,No
1/30/2016,Uluru,20,36.4,0,NA,NA,NA,NA,NA,NA,NA,NA,28,21,1009.1,1003.5,NA,1,25.9,35,No,No
1/31/2016,Uluru,24.9,37.8,0,NA,NA,NA,NA,NA,NA,NA,NA,45,50,1004.4,1000.2,NA,5,30,31.8,No,Yes
2/1/2016,Uluru,23.4,37.5,58.4,NA,NA,NA,NA,NA,NA,NA,NA,78,34,1002.3,998.5,2,1,27.9,36.6,Yes,NA
2/2/2016,Uluru,NA,35.2,NA,NA,NA,NA,NA,NA,SSW,NA,20,NA,39,NA,1003.8,NA,NA,NA,33.2,NA,NA
2/3/2016,Uluru,20.6,32.6,NA,NA,NA,S,39,SE,NE,24,13,50,32,1011.5,1008.7,NA,NA,22.6,30,NA,No
2/4/2016,Uluru,19.7,32.7,0,NA,NA,SSE,39,ESE,SSE,26,19,34,22,1014.3,1009.4,NA,NA,24.2,30.8,No,No
2/5/2016,Uluru,18,33.1,0,NA,NA,SSE,39,ESE,SE,26,15,28,16,1012.4,1008.3,NA,NA,25.4,31.1,No,No
2/6/2016,Uluru,18.2,36.3,0,NA,NA,E,44,SE,SSE,22,20,24,17,1010.8,1007.4,NA,NA,28,34.1,No,No
2/7/2016,Uluru,22.5,37.7,0,NA,NA,SE,50,SE,ESE,33,26,22,11,1012.6,1009.6,NA,NA,28.8,37.2,No,NA
2/8/2016,Uluru,23.8,38.3,NA,NA,NA,NA,NA,ESE,ESE,17,26,27,16,1015.2,1010.8,NA,NA,30.6,36.1,NA,No
2/9/2016,Uluru,22.5,39,0,NA,NA,E,46,ESE,ENE,26,20,18,12,1014.1,1009.4,NA,2,31.6,37.8,No,No
2/10/2016,Uluru,21.6,39.9,0,NA,NA,SE,41,SE,SE,13,24,20,10,1012.2,1007.9,NA,NA,32.1,38.8,No,No
2/11/2016,Uluru,23,40.5,0,NA,NA,S,46,SE,NE,19,13,12,8,1011.5,1007.7,NA,NA,31.6,38.4,No,No
2/12/2016,Uluru,20.9,41.2,0,NA,NA,E,39,ESE,SE,24,15,11,9,1012.4,1007.9,NA,NA,32,39,No,No
2/13/2016,Uluru,22,42.3,0,NA,NA,SW,31,E,SSE,17,19,12,8,1011.1,1007,NA,NA,31.8,41,No,No
2/14/2016,Uluru,22.6,41.2,0,NA,NA,SE,43,SE,SE,22,13,25,7,1011.2,1006.9,NA,NA,30.5,39.9,No,No
2/15/2016,Uluru,23,37.9,0,NA,NA,SSE,41,SE,SSE,20,28,29,15,1013.8,1009.5,1,NA,28.4,35.8,No,No
2/16/2016,Uluru,21.3,34.8,0,NA,NA,E,43,ESE,E,28,20,28,18,1014.9,1011,NA,NA,25.8,34.1,No,No
2/17/2016,Uluru,19.8,35.9,0,NA,NA,E,43,E,ESE,30,11,24,16,1013.7,1008.8,NA,NA,26.6,34.3,No,No
2/18/2016,Uluru,20.6,39.1,0,NA,NA,NNW,39,E,NW,20,9,20,13,1009.1,1003.9,1,1,28.9,37.8,No,No
2/19/2016,Uluru,22.7,38.6,0,NA,NA,NW,46,ESE,NNW,11,19,28,24,1008.7,1005,NA,3,30.5,37.1,No,No
2/20/2016,Uluru,20.6,39.9,1,NA,NA,E,35,ESE,N,11,11,31,25,1012.9,1008.8,NA,NA,28.6,37.3,No,No
2/21/2016,Uluru,22.9,28.9,0,NA,NA,WNW,30,SSW,ESE,13,17,81,70,1015.2,1013,8,8,23.6,27,No,Yes
2/22/2016,Uluru,22.6,39.8,9,NA,NA,ENE,28,E,NNE,4,4,60,17,1015.2,1011.2,4,NA,27.8,38.3,Yes,No
2/23/2016,Uluru,23.4,41.3,0,NA,NA,SSW,44,S,ENE,19,6,42,17,1010.9,1006.2,NA,8,30.6,39.5,No,No
2/24/2016,Uluru,27.3,38.3,0,NA,NA,SSW,57,S,SSW,35,20,45,26,1008.3,1006,7,7,29.7,36.5,No,No
2/25/2016,Uluru,28,38.3,0,NA,NA,W,54,SSE,S,28,22,45,27,1011.5,1009.1,7,6,30,36.8,No,Yes
2/26/2016,Uluru,22,35.9,1.8,NA,NA,ESE,39,ESE,SE,28,20,44,28,1016.5,1013,NA,NA,26.9,34.7,Yes,No
2/27/2016,Uluru,21.7,37,0,NA,NA,E,39,ESE,SE,28,15,23,16,1016.9,1012.8,NA,NA,27.9,35.7,No,No
2/28/2016,Uluru,20.6,39.2,0,NA,NA,SSE,37,E,SE,22,13,20,13,1016.1,1011.6,NA,NA,28.8,37.4,No,No
2/29/2016,Uluru,21.7,39.1,0,NA,NA,E,35,E,SW,20,9,18,10,1015.3,1010.7,NA,NA,29.3,37.9,No,No
3/1/2016,Uluru,19.4,39.3,0,NA,NA,E,31,E,E,7,13,17,8,1013.2,1009.4,NA,NA,29.1,37.8,No,No
3/2/2016,Uluru,19.5,41,0,NA,NA,ESE,44,SE,E,11,9,13,10,1013.8,1009.9,NA,NA,31.6,40.2,No,No
3/3/2016,Uluru,27.7,41.5,0,NA,NA,ESE,46,ESE,ESE,31,13,30,14,1014.3,1009.6,NA,5,31.9,39.2,No,No
3/4/2016,Uluru,24.3,41.5,0,NA,NA,NE,39,ENE,S,24,11,32,13,1012.1,1006.5,1,NA,32,38.9,No,No
3/5/2016,Uluru,27,40,0,NA,NA,W,67,E,N,19,11,26,18,1010.4,1006.6,5,4,32.5,38.2,No,Yes
3/6/2016,Uluru,22.6,38.2,7.4,NA,NA,SE,54,E,NW,11,15,56,26,1010.7,1006.7,NA,1,28.2,36.9,Yes,No
3/7/2016,Uluru,22.5,37.3,0,NA,NA,ESE,43,SSE,N,15,9,60,32,1011.4,1007.9,NA,NA,27.2,35.2,No,Yes
3/8/2016,Uluru,21.6,34.4,7.4,NA,NA,SW,54,ESE,ENE,11,13,73,41,1011.5,1008.8,NA,1,25.7,33,Yes,Yes
3/9/2016,Uluru,20.9,33.1,2.2,NA,NA,E,39,WNW,SSE,20,11,73,45,1013.1,1009.4,6,NA,24.2,31.8,Yes,No
3/10/2016,Uluru,23.5,35.7,0.2,NA,NA,S,33,E,S,13,13,67,32,1013.9,1009.8,NA,8,27.3,34.2,No,No
3/11/2016,Uluru,24.3,36.9,0,NA,NA,S,33,ENE,ESE,20,15,55,28,1012.9,1008.7,NA,2,29.2,35.6,No,No
3/12/2016,Uluru,24.6,37,0,NA,NA,E,43,ENE,SE,24,13,53,26,1012.9,1008.8,NA,NA,29.8,36,No,No
3/13/2016,Uluru,26.1,36.9,0,NA,NA,SE,43,E,E,24,13,64,33,1011.9,1007.3,NA,1,28.4,35.8,No,Yes
3/14/2016,Uluru,20.8,33.3,1.4,NA,NA,SE,48,ESE,E,19,22,80,47,1012.4,1008.8,5,2,25,31.7,Yes,No
3/15/2016,Uluru,22.2,34.9,0,NA,NA,E,39,ESE,NE,22,17,69,37,1011.5,1007.1,3,NA,25.1,33.9,No,No
3/16/2016,Uluru,23.8,37.3,0,NA,NA,ENE,33,E,NNE,22,13,54,28,1009.4,1005,1,6,28.7,36.1,No,No
3/17/2016,Uluru,26.2,39.9,0,NA,NA,W,41,ENE,WSW,7,22,44,24,1007.1,1002.6,1,2,30.8,38.8,No,Yes
3/18/2016,Uluru,23,33.6,9.4,NA,NA,ESE,37,SSE,ESE,17,20,76,43,1009.8,1006.6,8,7,25.3,32.8,Yes,No
3/19/2016,Uluru,21.5,34,0,NA,NA,ESE,31,E,E,26,15,53,32,1012.3,1008.2,NA,5,24.1,32.4,No,No
3/20/2016,Uluru,22.5,35.9,0,NA,NA,S,35,ENE,N,22,6,30,32,1012.8,1008.3,NA,NA,26.5,34.4,No,No
3/21/2016,Uluru,22.5,33.2,0.4,NA,NA,ENE,31,E,WSW,24,7,24,23,1013.1,1010.3,1,NA,27.6,31.5,No,No
3/22/2016,Uluru,20.7,34.9,0,NA,NA,W,37,E,SSW,20,11,26,20,1012.5,1009.2,NA,6,26.2,33.3,No,No
3/23/2016,Uluru,22.2,35.4,0,NA,NA,WSW,37,NA,WNW,0,13,47,33,1013.7,1010.8,NA,NA,25.6,34.7,No,No
3/24/2016,Uluru,22.2,38.1,0,NA,NA,SSE,31,ESE,ESE,7,9,27,18,1016.5,1013,NA,NA,28.7,36.6,No,No
3/25/2016,Uluru,22.3,35.9,0,NA,NA,SSW,37,SSE,SSE,20,15,51,24,1018.5,1014.4,NA,1,26.4,35.6,No,No
3/26/2016,Uluru,19.1,33.7,0,NA,NA,ESE,33,ESE,ENE,24,20,48,29,1019.5,1014.8,NA,NA,24.5,32.4,No,No
3/27/2016,Uluru,18.5,35.1,0,NA,NA,ENE,33,E,SSW,22,11,34,22,1017.3,1011.9,NA,NA,24.5,34.4,No,No
3/28/2016,Uluru,22.6,32.1,0,NA,NA,SSE,33,ESE,SSE,22,15,33,27,1012.6,1009.7,8,8,25.7,30,No,No
3/29/2016,Uluru,16.8,29.9,0.4,NA,NA,S,33,SE,SE,19,15,69,38,1018.6,1015.3,NA,NA,20.9,28.9,No,No
3/30/2016,Uluru,14.7,29.2,0.2,NA,NA,SE,31,ESE,E,24,19,49,26,1021.4,1016.7,NA,NA,20.6,27.8,No,No
3/31/2016,Uluru,14.2,31.5,0,NA,NA,E,31,ENE,ENE,22,11,38,21,1018.5,1013.7,NA,NA,21,30.7,No,No
4/1/2016,Uluru,15.3,36.6,0,NA,NA,WSW,35,SE,W,11,11,29,17,1015.3,1011.6,NA,NA,22.4,35.1,No,No
4/2/2016,Uluru,17.1,37.1,0,NA,NA,SE,35,SE,SE,17,6,30,13,1018.6,1015,NA,NA,24.4,36.5,No,No
4/3/2016,Uluru,19.1,35.3,0,NA,NA,ENE,35,E,SE,17,13,25,13,1020.8,1017,NA,NA,26.1,34.3,No,No
4/4/2016,Uluru,18.2,35.7,0,NA,NA,E,30,ESE,SE,13,13,29,13,1018.6,1013.1,NA,NA,25,34.5,No,No
4/5/2016,Uluru,15.4,38.1,0,NA,NA,NW,33,SE,NNE,7,9,27,10,1014,1009.5,NA,NA,25.4,37.5,No,No
4/6/2016,Uluru,19.1,33.2,0,NA,NA,SSE,37,SSE,S,26,24,53,26,1015.5,1013.9,NA,NA,23.3,32.5,No,No
4/7/2016,Uluru,19.9,27.8,0,NA,NA,ESE,33,SE,SE,17,19,54,36,1019.3,1017.1,6,8,21,26.6,No,No
4/8/2016,Uluru,14.1,31,0,NA,NA,E,31,E,E,17,20,54,27,1020.7,1015.9,NA,NA,18.2,29.7,No,No
4/9/2016,Uluru,17.2,32.8,0,NA,NA,ENE,31,E,ESE,22,11,42,25,1020,1015.8,NA,NA,22.1,31.3,No,No
4/10/2016,Uluru,18.1,33.6,0,NA,NA,S,35,E,SSE,20,17,33,19,1021.3,1017.7,5,NA,23.7,32.9,No,No
4/11/2016,Uluru,17.1,30,0,NA,NA,SE,31,ESE,SE,20,22,34,20,1024.3,1019.3,NA,NA,21.2,28.8,No,No
4/12/2016,Uluru,14.2,28.2,0,NA,NA,SE,31,ESE,ESE,20,19,44,20,1023.6,1018.7,NA,NA,19.2,27.2,No,No
4/13/2016,Uluru,13.6,28.8,0,NA,NA,ESE,33,E,E,24,20,42,21,1022,1017.4,NA,1,19.9,28.2,No,No
4/14/2016,Uluru,16.3,28.6,0,NA,NA,E,31,E,ENE,15,17,35,19,1020.9,1017.4,6,5,19.9,27.8,No,No
4/15/2016,Uluru,17.8,32,0,NA,NA,E,31,SE,ESE,13,11,31,14,1020.6,1016.6,8,NA,19.6,30.5,No,No
4/16/2016,Uluru,14,31.3,0,NA,NA,SSE,35,ESE,ESE,13,19,24,14,1020.8,1017,NA,NA,21.4,30.8,No,No
4/17/2016,Uluru,14.6,29.9,0,NA,NA,ESE,33,E,ENE,24,13,43,23,1020.3,1015.4,NA,NA,20.8,28.4,No,No
4/18/2016,Uluru,14,32.8,0,NA,NA,W,30,E,WNW,15,17,35,15,1016.1,1011.6,NA,NA,21.1,32.1,No,No
4/19/2016,Uluru,13.5,35.2,0,NA,NA,WSW,31,E,W,9,11,30,12,1013.4,1010.3,NA,NA,23.1,34.3,No,No
4/20/2016,Uluru,18.8,31.7,0,NA,NA,SSW,31,S,NE,17,19,44,24,1016.6,1013.8,8,1,23.2,30.9,No,No
4/21/2016,Uluru,18.6,31.3,0,NA,NA,E,35,S,ESE,24,17,60,29,1019.5,1016.9,NA,NA,21.2,30.2,No,No
4/22/2016,Uluru,15.6,30.7,0,NA,NA,SE,33,SE,SE,22,22,58,28,1023.8,1019.5,1,NA,20.6,29.4,No,No
4/23/2016,Uluru,16.9,28.4,0,NA,NA,E,31,ESE,ESE,20,20,45,25,1023.8,1019.4,NA,NA,20,27.5,No,No
4/24/2016,Uluru,12.1,27.3,0,NA,NA,E,31,ENE,E,22,19,42,21,1022.7,1017.9,NA,NA,18.6,26.2,No,No
4/25/2016,Uluru,9.6,28.8,0,NA,NA,E,30,E,NNE,13,9,28,13,1021.7,1017.1,NA,NA,17.1,28,No,No
4/26/2016,Uluru,11,32.5,0,NA,NA,N,33,E,NW,11,24,28,12,1018,1013.1,NA,NA,19.4,31.8,No,No
4/27/2016,Uluru,13.2,32.8,0,NA,NA,N,28,NE,NNE,2,9,25,14,1015.1,1011.7,2,NA,21.3,31.2,No,No
4/28/2016,Uluru,15.4,34.3,0,NA,NA,NNW,37,E,NNW,9,20,26,12,1013.9,1009.6,NA,NA,22.6,33.1,No,No
4/29/2016,Uluru,22.2,26.7,0,NA,NA,WSW,26,ESE,S,15,7,43,37,1014.9,1013.7,7,7,23.2,25.6,No,No
4/30/2016,Uluru,18.7,30.5,0.2,NA,NA,SW,31,ESE,NNW,6,11,65,33,1014.9,1012.5,8,8,21.1,29.2,No,No
5/1/2016,Uluru,17.2,22.3,0,NA,NA,E,33,SE,ESE,17,15,37,35,1018,1017.3,8,7,18.8,21.9,No,No
5/2/2016,Uluru,14.9,27.4,0,NA,NA,SSE,20,ESE,SSE,13,13,47,17,1018.7,1015.8,1,8,18.8,26.7,No,No
5/3/2016,Uluru,13.9,30,0,NA,NA,SW,33,SSE,SE,17,11,39,19,1018.5,1015,NA,NA,20.7,28.3,No,No
5/4/2016,Uluru,8.2,29.2,0,NA,NA,E,31,SE,SE,17,6,29,14,1019.5,1014.8,NA,1,18.3,28.3,No,No
5/5/2016,Uluru,13.5,26.4,0,NA,NA,WSW,33,S,WSW,9,15,34,45,1016.7,1013.6,8,NA,18.1,25.8,No,Yes
5/6/2016,Uluru,18,21.6,20.2,NA,NA,E,24,E,E,13,7,97,77,1015.5,1012.3,NA,8,18.4,20.8,Yes,Yes
5/7/2016,Uluru,16.6,21.6,11.4,NA,NA,N,37,NE,NNE,20,22,100,100,1011.3,1006.4,8,8,16.7,19.9,Yes,Yes
5/8/2016,Uluru,16.3,21.9,39,NA,NA,W,35,SW,W,11,22,79,40,1008.8,1006,7,1,16.5,20.1,Yes,No
5/9/2016,Uluru,8.3,21.3,0,NA,NA,SW,28,SW,SW,13,17,62,44,1016,1015.1,NA,NA,13.9,20.4,No,No
5/10/2016,Uluru,7.9,20.3,0,NA,NA,SSE,26,SSE,SE,13,19,75,45,1024.3,1022.5,NA,NA,12.3,19.3,No,No
5/11/2016,Uluru,9.5,21.8,0,NA,NA,ESE,26,E,E,15,13,68,36,1026.8,1023.2,NA,NA,13.5,20.7,No,No
5/12/2016,Uluru,8.8,23.8,0,NA,NA,E,24,E,E,15,13,74,27,1023.9,1020.2,NA,NA,13.1,22.4,No,No
5/13/2016,Uluru,8,26,0,NA,NA,E,24,E,E,17,19,63,23,1023.2,1019,NA,NA,14,24.7,No,No
5/14/2016,Uluru,7.4,27.8,0,NA,NA,NE,20,ESE,E,6,7,59,16,1022.4,1019.1,NA,NA,14.2,26.5,No,No
5/15/2016,Uluru,7.3,28.7,0,NA,NA,ENE,22,SE,SE,11,2,43,13,1021.1,1016.8,NA,NA,16.4,27.9,No,No
5/16/2016,Uluru,11.1,29.7,0,NA,NA,S,48,ESE,ESE,9,6,40,14,1019,1015.8,7,NA,19.1,28.4,No,No
5/17/2016,Uluru,11.5,29,0,NA,NA,E,24,ESE,ESE,6,11,38,16,1019.2,1016.3,6,1,18.6,27.9,No,No
5/18/2016,Uluru,13.9,29,0,NA,NA,E,24,SE,ENE,11,13,40,20,1020.6,1017.4,NA,NA,19.7,28.1,No,No
5/19/2016,Uluru,12.8,27.2,0,NA,NA,E,24,ESE,ENE,17,15,50,23,1021.6,1017.3,NA,NA,18.3,26.1,No,No
5/20/2016,Uluru,14.6,23.9,0,NA,NA,ENE,24,SSE,ENE,6,9,52,30,1019.6,1016.8,8,8,16.4,23.2,No,No
5/21/2016,Uluru,13.8,28.6,0,NA,NA,N,31,E,N,11,17,51,26,1017.8,1012.5,NA,NA,17.1,27.1,No,No
5/22/2016,Uluru,12.7,28.7,0,NA,NA,WSW,31,NW,WSW,15,22,49,41,1015.8,1015.3,7,8,19.9,26.7,No,Yes
5/23/2016,Uluru,13.1,16,1.2,NA,NA,ESE,28,ESE,E,20,20,61,55,1022.8,1020.8,8,7,14.3,15.6,Yes,No
5/24/2016,Uluru,11.5,24.5,0.2,NA,NA,E,28,ESE,E,17,7,44,32,1020,1015.7,6,8,14.8,23.6,No,No
5/25/2016,Uluru,12.1,29.6,0,NA,NA,NW,28,NA,NW,0,9,65,35,1015.2,1011.5,NA,1,17.8,29,No,No
5/26/2016,Uluru,13.7,30.8,0,NA,NA,W,30,SSW,W,9,20,66,32,1014.5,1011.8,NA,NA,19.5,30.4,No,No
5/27/2016,Uluru,10.6,20.3,0,NA,NA,SSW,26,ESE,SE,11,13,48,34,1021.3,1018.9,1,8,14.8,19.6,No,No
5/28/2016,Uluru,7,19.5,0,NA,NA,ENE,26,ESE,NE,11,13,67,37,1020.6,1016.7,8,8,10.6,18.3,No,No
5/29/2016,Uluru,8,26.2,0,NA,NA,NW,28,SSE,NW,6,15,69,35,1018.3,1014.6,3,NA,11.8,25.4,No,No
5/30/2016,Uluru,11.8,18.7,0.2,NA,NA,NNW,24,E,N,7,11,96,96,1017.7,1016.4,8,8,16.8,17.6,No,Yes
5/31/2016,Uluru,13.7,23,2.4,NA,NA,ENE,22,SE,E,11,13,100,63,1020.3,1017.3,8,NA,15,22.2,Yes,Yes
6/1/2016,Uluru,14.2,21.8,15.2,NA,NA,ENE,24,SE,E,11,11,100,72,1020.5,1018.2,8,4,15,20.9,Yes,No
6/2/2016,Uluru,14.2,17.8,0.2,NA,NA,SSE,20,E,NNW,4,13,100,99,1018.7,1016.4,8,8,15.2,17.4,No,Yes
6/3/2016,Uluru,14.3,21.1,1.4,NA,NA,SE,24,E,SW,13,9,85,56,1020.1,1017.7,5,1,16.1,20,Yes,No
6/4/2016,Uluru,8.9,19.7,0,NA,NA,ENE,24,E,N,11,9,86,51,1020.5,1016.3,8,NA,11.7,18.2,No,No
6/5/2016,Uluru,11.6,23.1,0,NA,NA,SSW,20,NW,WNW,2,11,72,47,1015.9,1012.7,6,8,15.2,22.6,No,No
6/6/2016,Uluru,15.2,21.3,0.2,NA,NA,NNE,24,SSE,E,7,15,100,71,1016.1,1014,8,8,16.9,20.6,No,Yes
6/7/2016,Uluru,15.5,27.2,5.6,NA,NA,NNW,24,ESE,NNE,15,4,100,71,1011.7,1006.9,8,8,16.3,24.1,Yes,Yes
6/8/2016,Uluru,13.7,18.6,7,NA,NA,NW,24,WSW,NA,7,0,68,42,1012.8,1013.5,2,5,14.8,17.7,Yes,No
6/9/2016,Uluru,6.1,17.7,0,NA,NA,SE,24,S,SSE,6,13,81,48,1023.9,1022.8,NA,1,9.9,16.9,No,No
6/10/2016,Uluru,5.2,17.6,0,NA,NA,NA,NA,ESE,NA,13,NA,76,38,1027.9,1025,NA,NA,9.6,16.6,No,No
6/11/2016,Uluru,7.2,17.4,0,NA,NA,NA,NA,NA,NA,NA,NA,74,40,1030.5,1027.6,NA,NA,10.3,16.8,No,No
6/12/2016,Uluru,4.8,18,0,NA,NA,NA,NA,NA,NA,NA,NA,70,39,1032.1,1027.4,4,NA,9.5,17.2,No,No
6/13/2016,Uluru,5.7,19.2,0,NA,NA,NA,NA,NA,NA,NA,NA,68,29,1027.7,1022,NA,NA,9.3,18.5,No,No
6/14/2016,Uluru,8,20.8,0,NA,NA,NA,NA,NA,NA,NA,NA,70,35,1024.6,1021.2,6,1,11,19.7,No,No
6/15/2016,Uluru,7.9,25.9,0,NA,NA,NA,NA,NA,NA,NA,NA,79,44,1022.3,1017.7,NA,1,12.5,25.2,No,No
6/16/2016,Uluru,12.5,20.8,0.2,NA,NA,NA,NA,NA,NA,NA,NA,82,45,1018.5,1015.2,NA,7,14.6,20.5,No,No
6/17/2016,Uluru,8.2,21.9,0,NA,NA,NA,NA,NA,NA,NA,NA,79,40,1016.9,1013.3,NA,NA,11.5,20.9,No,No
6/18/2016,Uluru,8.7,18.9,0,NA,NA,NA,NA,NA,NA,NA,NA,80,46,1019.7,1016.8,1,3,12.3,17.9,No,No
6/19/2016,Uluru,3.4,18.3,0,NA,NA,NA,NA,NA,NA,NA,NA,77,40,1020.3,1017.3,NA,NA,8.2,16.9,No,No
6/20/2016,Uluru,2.2,21.5,0,NA,NA,NA,NA,NA,NA,NA,NA,80,23,1017.4,1014.1,NA,NA,8.5,20.5,No,No
6/21/2016,Uluru,7.8,25.9,0,NA,NA,NA,NA,NA,NA,NA,NA,57,25,1013.9,1011.5,5,8,12.3,24.9,No,No
6/22/2016,Uluru,12.3,19.1,0,NA,NA,NA,NA,NA,NA,NA,NA,79,62,1016.8,1014.1,8,8,15.6,18.9,No,NA
6/23/2016,Uluru,14.2,18.7,NA,NA,NA,NA,NA,W,NA,9,NA,81,67,1015.2,1014.6,8,8,16.6,17.5,NA,NA
6/24/2016,Uluru,3.2,17.9,NA,NA,NA,E,44,SE,E,11,20,83,39,1022.4,1019,NA,NA,8.8,17.2,NA,No
6/25/2016,Uluru,8.8,11.3,0.6,NA,NA,E,35,ESE,ENE,15,20,85,99,1020.1,1014.9,8,8,10.8,11.1,No,Yes
6/26/2016,Uluru,10.2,15.6,42,NA,NA,SSW,43,SSW,SSW,19,24,95,52,1018.7,1018.4,8,NA,10.5,14.9,Yes,No
6/27/2016,Uluru,2.9,16.4,0,NA,NA,ENE,35,SSE,E,15,20,88,51,1024.6,1021.9,NA,NA,8.4,15.9,No,No
6/28/2016,Uluru,3.4,17.2,0,NA,NA,ENE,39,E,ENE,17,19,82,41,1025.4,1021.5,NA,NA,8.5,16.7,No,No
6/29/2016,Uluru,2.6,21,0,NA,NA,NNW,19,SE,NNW,9,13,83,34,1023.3,1019.5,NA,NA,7.4,20.6,No,No
6/30/2016,Uluru,7.3,23.3,0,NA,NA,SE,28,S,S,6,15,66,33,1022.4,1020.3,6,7,15.1,22.6,No,Yes
7/1/2016,Uluru,11.3,13.6,2.4,NA,NA,E,35,SE,E,11,20,89,78,1027.4,1026.2,8,5,11.3,13.3,Yes,Yes
7/2/2016,Uluru,9.4,16.4,4.8,NA,NA,E,39,E,E,19,20,82,57,1029.1,1026.1,1,NA,11,15.7,Yes,No
7/3/2016,Uluru,4.1,19,0,NA,NA,E,26,ESE,NNE,13,6,81,46,1025.1,1019.9,NA,1,8.4,17.6,No,No
7/4/2016,Uluru,8.3,16.7,0,NA,NA,SSW,39,SSW,S,7,22,84,63,1018.8,1019.1,8,8,12,15.8,No,No
7/5/2016,Uluru,4.2,15.2,0.2,NA,NA,SE,30,SE,ESE,9,17,94,52,1025.9,1022.9,8,1,8.3,14.4,No,No
7/6/2016,Uluru,5.1,16.1,0,NA,NA,E,33,E,ENE,13,20,68,40,1025.7,1021.9,NA,8,9.2,15.5,No,No
7/7/2016,Uluru,8.9,16.4,0.2,NA,NA,ESE,50,ESE,ESE,15,9,68,52,1020.5,1018.4,8,8,10.8,14.7,No,No
7/8/2016,Uluru,5.2,24.7,0,NA,NA,N,28,SE,N,13,11,74,31,1020,1015.9,NA,NA,8.6,23.4,No,No
7/9/2016,Uluru,8.6,27.8,0,NA,NA,NNW,65,N,NNW,9,41,57,25,1015.4,1010.1,NA,NA,16.3,27.6,No,Yes
7/10/2016,Uluru,12.4,18.8,13.6,NA,NA,WSW,43,WNW,NW,11,19,78,61,1015.4,1013.3,8,NA,13.3,17.3,Yes,No
7/11/2016,Uluru,3,18,0.2,NA,NA,W,24,NA,W,0,11,84,41,1018.6,1016.2,NA,NA,8,17.4,No,No
7/12/2016,Uluru,5.3,13.1,0,NA,NA,SSE,31,S,SSE,9,15,81,42,1024.4,1024,NA,NA,7.3,12.8,No,No
7/13/2016,Uluru,2.4,13.7,0,NA,NA,ESE,52,ESE,ESE,20,24,67,45,1030.1,1027.8,6,3,7.1,13.2,No,No
7/14/2016,Uluru,0.6,14.2,0,NA,NA,E,46,ESE,ESE,13,22,76,40,1031.7,1027.5,NA,NA,5.8,13.7,No,No
7/15/2016,Uluru,-0.3,15.5,0,NA,NA,E,48,ESE,E,19,24,66,28,1029.9,1026.1,NA,NA,5,14.7,No,No
7/16/2016,Uluru,0.9,16.4,0,NA,NA,E,43,ESE,ENE,17,26,68,25,1028.3,1023.8,NA,NA,5.5,15.5,No,No
7/17/2016,Uluru,-0.5,19.4,0,NA,NA,ESE,20,SSE,NE,11,9,65,17,1024.3,1020,NA,NA,5.3,18.3,No,No
7/18/2016,Uluru,2.7,22.2,0,NA,NA,E,26,SE,ENE,11,11,61,41,1020.8,1017,NA,NA,9.7,21,No,No
7/19/2016,Uluru,7.1,24.7,0,NA,NA,WNW,24,SE,NE,9,9,83,34,1019.2,1016.2,NA,NA,11.5,24.1,No,No
7/20/2016,Uluru,8.3,25.7,0,NA,NA,N,24,ESE,NNW,7,15,79,39,1019.7,1016.9,NA,NA,15,25,No,No
7/21/2016,Uluru,8.3,27.9,0,NA,NA,NW,44,NA,NNW,0,28,78,31,1017.9,1014.4,NA,NA,14.3,27,No,No
7/22/2016,Uluru,10.1,25.9,0,NA,NA,W,37,SSE,SW,2,19,65,31,1017.6,1015.6,NA,NA,16.1,25.6,No,No
7/23/2016,Uluru,11.6,18.2,0,NA,NA,ENE,31,SSE,ESE,17,11,45,35,1021.6,1018.5,8,8,12.3,17.2,No,No
7/24/2016,Uluru,10.9,19.1,0,NA,NA,S,39,S,E,20,9,46,27,1022.7,1020.6,7,NA,11.1,17.9,No,No
7/25/2016,Uluru,4.6,19,0,NA,NA,E,35,ESE,E,17,19,59,30,1024.9,1020.8,NA,NA,8.6,17.8,No,No
7/26/2016,Uluru,3.4,20.6,0,NA,NA,ENE,37,SE,SSE,13,13,58,22,1024.4,1021.3,NA,NA,10,19.6,No,No
7/27/2016,Uluru,3,20.9,0,NA,NA,ESE,30,SE,ESE,15,15,59,28,1027.6,1025.5,NA,NA,10.3,19.8,No,No
7/28/2016,Uluru,5.4,20.8,0,NA,NA,E,37,ESE,ENE,15,17,68,29,1029.9,1025.1,NA,NA,10,20.3,No,No
7/29/2016,Uluru,6.7,22.4,0,NA,NA,E,26,E,NNE,7,9,60,24,1025.9,1021.2,NA,NA,10.3,21.7,No,No
7/30/2016,Uluru,2.7,25.5,0,NA,NA,SSW,20,S,E,11,7,57,14,1022.8,1018.2,NA,NA,9.9,24.8,No,No
7/31/2016,Uluru,5.6,28.7,0,NA,NA,WNW,39,NA,WNW,0,17,45,12,1018.7,1014.1,NA,NA,13.6,27.9,No,No
8/1/2016,Uluru,11.7,17.2,0,NA,NA,S,59,SSW,SSW,22,30,47,38,1020,1019.9,NA,1,14.9,16,No,No
8/2/2016,Uluru,5.1,16.5,0,NA,NA,SE,56,SE,ESE,26,33,65,27,1026.3,1022.7,NA,NA,8.3,15.6,No,No
8/3/2016,Uluru,2.7,17.4,0,NA,NA,E,50,ESE,ENE,22,26,57,29,1027.1,1023.4,NA,NA,7.6,16.2,No,No
8/4/2016,Uluru,1,19.1,0,NA,NA,ENE,43,ESE,E,13,19,56,28,1026.1,1022.2,NA,NA,8.2,17.8,No,No
8/5/2016,Uluru,1.9,19.4,0,NA,NA,ENE,39,E,NE,24,13,56,22,1025,1020.9,NA,NA,9.4,19.3,No,No
8/6/2016,Uluru,2.5,22.1,0,NA,NA,NW,26,ESE,NW,11,11,45,18,1022.3,1018,NA,NA,9.1,20.8,No,No
8/7/2016,Uluru,3.3,25.6,0,NA,NA,NNW,33,SE,N,7,15,42,14,1021.3,1017.4,NA,NA,11.4,24.6,No,No
8/8/2016,Uluru,4.9,27.8,0,NA,NA,NNW,30,SSE,NNW,6,13,42,15,1020.5,1016,1,8,12.9,26.8,No,No
8/9/2016,Uluru,12.9,25.2,0,NA,NA,NNW,44,W,SSW,9,9,51,36,1018,1015.5,8,NA,19.4,23.5,No,No
8/10/2016,Uluru,8,21.6,0,NA,NA,SSE,48,ESE,ESE,15,13,49,27,1021.1,1018.4,1,1,13.8,21.4,No,No
8/11/2016,Uluru,4.9,21.5,0,NA,NA,E,46,E,E,17,24,49,19,1024.7,1020.1,NA,NA,10.8,21,No,No
8/12/2016,Uluru,4.7,26.4,0,NA,NA,W,33,SE,WNW,13,17,42,24,1021.3,1017.1,NA,NA,11.6,25,No,No
8/13/2016,Uluru,11.3,23.5,0,NA,NA,E,48,SE,E,24,28,34,23,1022.6,1020.5,8,8,16.2,22.5,No,No
8/14/2016,Uluru,10.8,23.1,0,NA,NA,ENE,44,E,E,31,22,34,23,1025.3,1021.2,8,2,15.6,22.8,No,No
8/15/2016,Uluru,9.5,25.3,0,NA,NA,E,39,E,NE,19,13,30,22,1023.7,1019.7,2,NA,14.7,23.7,No,No
8/16/2016,Uluru,5.8,27.3,0,NA,NA,SE,22,SE,NNE,15,7,34,18,1022.6,1018.3,NA,NA,13.9,26,No,No
8/17/2016,Uluru,7.1,28.2,0,NA,NA,NE,35,SE,NE,9,20,41,18,1021.6,1017,NA,NA,16.7,27.1,No,No
8/18/2016,Uluru,6,29.8,0,NA,NA,N,48,NE,NW,13,26,41,15,1015.2,1010.5,NA,NA,16,28.7,No,No
8/19/2016,Uluru,8.1,20.6,0,NA,NA,SE,52,SE,SSE,31,19,33,16,1021.4,1018.5,NA,NA,11.8,19.1,No,No
8/20/2016,Uluru,3.1,22.6,0,NA,NA,ENE,52,E,NE,26,20,36,21,1020.4,1015.2,NA,NA,11.6,21.5,No,No
8/21/2016,Uluru,8.5,24.8,0,NA,NA,W,44,SSE,WNW,9,24,39,23,1013.2,1009,2,1,13.4,24.1,No,No
8/22/2016,Uluru,2.1,21.6,0,NA,NA,ENE,31,SSE,ESE,9,13,35,18,1012.4,1007.9,NA,NA,10.9,21,No,No
8/23/2016,Uluru,10.9,20.2,0,NA,NA,SSE,61,ESE,N,17,9,69,33,1011.3,1009.1,8,7,12.4,20,No,Yes
8/24/2016,Uluru,3.4,19.2,3.6,NA,NA,ENE,33,S,ENE,11,15,74,34,1018.5,1015.9,NA,1,9.6,18.3,Yes,No
8/25/2016,Uluru,5.5,19,0,NA,NA,SE,37,SSE,S,19,19,56,33,1020.4,1018.2,NA,8,12.2,18,No,No
8/26/2016,Uluru,1,19.2,0,NA,NA,ENE,39,ESE,ESE,19,19,58,28,1024.2,1020.2,NA,NA,9.9,17.3,No,No
8/27/2016,Uluru,3.4,26.1,0,NA,NA,N,44,NE,NW,11,24,49,18,1020.4,1015.9,NA,NA,11.4,25,No,No
8/28/2016,Uluru,7.4,27.1,0,NA,NA,NNW,59,S,NNW,2,35,49,21,1014.9,1009.6,8,8,14.4,25.8,No,Yes
8/29/2016,Uluru,14.2,14.4,9.2,NA,NA,WSW,31,SW,ESE,24,9,93,100,1013.1,1010.8,8,8,14.2,14,Yes,Yes
8/30/2016,Uluru,11.5,22.9,16,NA,NA,WNW,28,WSW,WNW,7,13,96,32,1018,1015.2,7,NA,12.6,21.9,Yes,No
8/31/2016,Uluru,7.4,24.2,0.2,NA,NA,NNE,26,E,NE,9,7,69,32,1020.1,1015.1,NA,NA,14.6,23.4,No,No
9/1/2016,Uluru,11.3,20.2,0,NA,NA,SW,39,S,WNW,9,9,83,83,1012.5,1009.4,8,8,15.3,16.7,No,Yes
9/2/2016,Uluru,11.3,17.9,4.8,NA,NA,SW,50,S,SSE,19,13,75,56,1016.3,1014.5,8,7,12.8,17.1,Yes,No
9/3/2016,Uluru,10.9,19.8,0,NA,NA,ESE,31,ESE,SE,17,13,67,41,1020.1,1019,7,8,14.5,18.7,No,No
9/4/2016,Uluru,8.2,21.8,0,NA,NA,ENE,46,E,ENE,20,22,63,38,1024.9,1021.2,NA,NA,13.3,21,No,No
9/5/2016,Uluru,7.9,23.6,0,NA,NA,ENE,37,ENE,E,24,13,49,29,1024.1,1019.6,NA,NA,15.5,22.9,No,No
9/6/2016,Uluru,12.1,27.3,0,NA,NA,E,28,E,E,19,11,45,24,1021.8,1017.2,NA,NA,17.1,26.5,No,No
9/7/2016,Uluru,14.7,31.2,0,NA,NA,NW,35,E,NNW,11,19,50,27,1018.9,1014.3,NA,NA,18.4,30.3,No,No
9/8/2016,Uluru,15.1,31.1,0,NA,NA,WSW,48,NA,W,0,28,63,24,1015.8,1012.8,8,NA,21,30.3,No,No
9/9/2016,Uluru,11.1,23.1,0,NA,NA,ESE,39,SE,SE,20,15,43,22,1022.4,1018.3,NA,NA,15.1,21.6,No,No
9/10/2016,Uluru,7.7,26.2,0,NA,NA,E,39,E,E,28,13,41,24,1020.5,1015.3,1,NA,15,24.8,No,No
9/11/2016,Uluru,11.1,31.1,0,NA,NA,NW,33,E,NNE,15,7,36,23,1016.5,1011.8,4,NA,18.9,30.8,No,No
9/12/2016,Uluru,16.4,30.7,0,NA,NA,WNW,43,E,NNE,20,13,37,81,1013.9,1010.3,8,6,21.4,21.5,No,Yes
9/13/2016,Uluru,13.4,17.2,9.4,NA,NA,SE,41,SE,SE,26,22,83,70,1015.7,1013.8,8,8,13.8,16.6,Yes,Yes
9/14/2016,Uluru,11.4,15.5,1.2,NA,NA,ESE,41,ESE,E,20,30,53,54,1019.1,1014.7,8,8,11.8,14.7,Yes,No
9/15/2016,Uluru,6.4,21.1,0.2,NA,NA,E,28,E,SSE,19,7,59,31,1019.1,1014.6,NA,NA,12.6,20.1,No,No
9/16/2016,Uluru,7.6,28.7,0,NA,NA,NW,54,E,NW,13,35,59,20,1015.8,1010.2,NA,1,14.8,27.7,No,No
9/17/2016,Uluru,14.4,22.6,0,NA,NA,SSW,54,SSW,SSW,35,24,54,31,1015.5,1014.9,6,1,14.8,22.2,No,No
9/18/2016,Uluru,6.7,22,0,NA,NA,SE,31,SE,ENE,22,17,61,26,1019.1,1013.4,NA,NA,12,20.9,No,No
9/19/2016,Uluru,5.9,29.4,0,NA,NA,NW,54,NNE,NW,9,30,52,15,1010.7,1003.7,NA,1,15.3,28.4,No,No
9/20/2016,Uluru,7.5,21.2,0,NA,NA,SSW,61,SSW,S,26,19,58,27,1015.2,1013.3,2,NA,12.6,20.5,No,No
9/21/2016,Uluru,4.6,23,0,NA,NA,ENE,39,E,E,22,17,38,21,1021,1016.4,NA,NA,14.6,21.7,No,No
9/22/2016,Uluru,6.8,27.5,0,NA,NA,ENE,33,ENE,NE,20,9,33,16,1017.9,1013.3,NA,NA,17.9,26.3,No,No
9/23/2016,Uluru,10.5,32.4,0,NA,NA,NNW,54,E,NW,7,30,35,25,1011.4,1004.5,3,8,19.1,30,No,No
9/24/2016,Uluru,15.2,27.5,0,NA,NA,SW,46,SSE,WSW,4,22,35,22,1011.7,1008.8,1,NA,20.3,26.5,No,No
9/25/2016,Uluru,8.9,27.8,0,NA,NA,ENE,43,E,ENE,28,19,34,20,1016.1,1010.6,NA,NA,17.9,26.6,No,No
9/26/2016,Uluru,13.2,25.7,0,NA,NA,W,28,ESE,E,17,9,42,33,1013.7,1011.5,8,8,18.5,25.1,No,No
9/27/2016,Uluru,14.1,29.9,0,NA,NA,NNW,41,ESE,N,13,20,55,33,1014.1,1009,1,2,19.8,28.6,No,No
9/28/2016,Uluru,19.8,30.5,0,NA,NA,W,76,NW,W,31,48,41,13,1007.7,1005.3,5,NA,24.9,29.8,No,No
9/29/2016,Uluru,6.6,22.1,0,NA,NA,SSW,44,SSW,SSW,28,17,37,16,1016.9,1011.9,NA,NA,11,19.9,No,No
9/30/2016,Uluru,2.7,25.7,0,NA,NA,WNW,28,E,N,17,11,36,13,1014.7,1009.4,NA,NA,14,23.7,No,No
10/1/2016,Uluru,5.1,33.7,0,NA,NA,WNW,76,NNE,NW,9,33,22,8,1009.9,1003.7,NA,7,20.8,32.7,No,Yes
10/2/2016,Uluru,18.2,27.3,2,NA,NA,W,65,W,W,31,41,66,11,1006.3,1005.6,1,NA,21.4,26.1,Yes,No
10/3/2016,Uluru,6.4,25.4,0,NA,NA,SSW,41,S,SW,17,13,25,13,1017.7,1013.6,NA,NA,16.7,23.8,No,No
10/4/2016,Uluru,6.1,28.8,0,NA,NA,E,28,S,NNE,17,6,21,10,1017.6,1013.8,NA,NA,20.6,27.5,No,No
10/5/2016,Uluru,10.1,32,0,NA,NA,NNE,31,ENE,WNW,15,13,20,9,1018.7,1014.5,NA,NA,21.2,30.5,No,No
10/6/2016,Uluru,10,33.5,0,NA,NA,NNE,33,ENE,NNE,9,17,22,9,1018.5,1013.9,NA,NA,22.6,32.6,No,No
10/7/2016,Uluru,10.4,36.3,0,NA,NA,NW,31,NNW,NNW,13,11,18,9,1018.7,1014.6,NA,NA,25.3,35.5,No,No
10/8/2016,Uluru,12.3,38.1,0,NA,NA,NNE,37,NNW,NNE,6,17,19,8,1017.8,1012.2,NA,NA,27.7,36.4,No,No
10/9/2016,Uluru,13.6,38.6,0,NA,NA,WNW,46,NNW,WNW,20,24,18,8,1013,1008.3,NA,NA,27.6,37.8,No,No
10/10/2016,Uluru,18.6,29,0,NA,NA,SSE,46,SE,SSE,28,24,37,24,1017.8,1016.5,NA,NA,22.4,27.7,No,No
10/11/2016,Uluru,11.5,26.3,0,NA,NA,ESE,50,ESE,SE,31,22,33,18,1022.5,1018.2,NA,NA,17.3,25.6,No,No
10/12/2016,Uluru,9,29,0,NA,NA,E,39,E,ESE,24,20,22,12,1021.2,1016.2,NA,NA,18.8,27.6,No,No
10/13/2016,Uluru,10.3,29.4,0,NA,NA,SE,41,ENE,E,26,22,28,10,1020.3,1015.4,NA,NA,19.9,28.7,No,No
10/14/2016,Uluru,10,30.6,0,NA,NA,E,35,ENE,ENE,19,9,24,9,1018,1012.7,NA,NA,21.3,29.1,No,No
10/15/2016,Uluru,8.3,34.6,0,NA,NA,NW,52,NNE,NNW,9,24,22,7,1013.1,1007.3,NA,NA,22.8,33.8,No,No
10/16/2016,Uluru,16.1,23.8,0,NA,NA,SW,52,S,S,35,22,40,31,1011.5,1013.6,NA,7,21.3,20.5,No,No
10/17/2016,Uluru,3.7,25.2,0,NA,NA,SE,44,ESE,ENE,28,19,32,16,1019.8,1015.9,NA,NA,15.6,24.2,No,No
10/18/2016,Uluru,6,29.9,0,NA,NA,E,31,E,N,11,9,23,9,1017.9,1014.6,NA,1,20,28.9,No,No
10/19/2016,Uluru,12.1,33.9,0,NA,NA,N,35,ENE,NNW,15,22,18,7,1015.4,1010.7,NA,NA,22.4,33.3,No,No
10/20/2016,Uluru,13.4,32.6,0,NA,NA,NNW,67,N,N,13,37,21,23,1011.8,1007.4,5,8,25.6,30.9,No,No
10/21/2016,Uluru,14.8,21.9,0,NA,NA,S,44,SSE,SE,15,20,65,49,1016.5,1015.6,5,7,15.8,20.6,No,No
10/22/2016,Uluru,8.9,23.2,0,NA,NA,SE,46,E,E,31,24,44,24,1023.9,1019.7,NA,NA,15,21.5,No,No
10/23/2016,Uluru,7.4,25.2,0,NA,NA,E,43,E,E,26,19,26,13,1022.4,1017.5,NA,NA,16.9,24.2,No,No
10/24/2016,Uluru,5.7,29.7,0,NA,NA,ENE,35,NE,E,24,11,20,8,1018.5,1012.9,NA,NA,19.4,27.7,No,No
10/25/2016,Uluru,6.5,35.2,0,NA,NA,NNW,50,NNW,NW,17,24,15,6,1013.6,1008.3,NA,NA,23.5,33.8,No,No
10/26/2016,Uluru,14.2,35.8,0,NA,NA,SSW,31,SSE,SW,20,13,27,12,1013.8,1011.1,4,8,26.5,33.5,No,No
10/27/2016,Uluru,18.3,33.1,0,NA,NA,ESE,39,ESE,ENE,24,19,41,22,1016.8,1012.3,8,5,23.1,31.4,No,No
10/28/2016,Uluru,21.6,32.1,0,NA,NA,E,39,E,E,24,19,21,16,1015.6,1010.8,8,8,24.5,31.2,No,No
10/29/2016,Uluru,23.7,39.9,0,NA,NA,NW,54,NE,NW,13,26,14,11,1011.4,1005.4,1,6,29.1,37.9,No,No
10/30/2016,Uluru,24,32,0,NA,NA,SSW,41,SSE,S,13,19,32,28,1012.3,1010.7,8,8,27.8,29.7,No,No
10/31/2016,Uluru,19.8,28.9,0,NA,NA,E,46,E,E,28,20,40,26,1015.9,1012.3,8,8,20.7,27.8,No,No
11/1/2016,Uluru,16.6,28.6,0,NA,NA,E,43,ESE,E,24,22,29,22,1015.1,1012.3,8,7,20.6,26.6,No,No
11/2/2016,Uluru,17.3,26,0,NA,NA,NE,52,SE,WNW,17,17,27,53,1015.7,1013.5,7,8,22.5,23,No,No
11/3/2016,Uluru,15.8,33.7,0,NA,NA,NNE,37,NE,W,20,9,40,19,1015.1,1011.4,1,NA,22.9,32.9,No,No
11/4/2016,Uluru,17,37.6,0,NA,NA,W,31,ENE,WSW,11,15,21,14,1014.8,1010.6,NA,NA,28.3,35.9,No,No
11/5/2016,Uluru,18.2,37.7,0,NA,NA,SSE,35,SE,SSE,20,11,17,10,1015.7,1012.2,NA,NA,29.1,35.8,No,No
11/6/2016,Uluru,18.7,38.1,0,NA,NA,E,33,ENE,S,20,9,18,9,1015,1008.8,NA,NA,28.7,37,No,No
11/7/2016,Uluru,16.3,41.2,0,NA,NA,W,59,NNW,NW,17,24,15,8,1007,1002.2,NA,8,31.4,38.5,No,No
11/8/2016,Uluru,17.5,35.5,0,NA,NA,SSE,46,ESE,WSW,19,9,46,15,1009.8,1005.4,NA,NA,22,33.7,No,No
11/9/2016,Uluru,18.8,38.7,0,NA,NA,ENE,44,E,ENE,31,19,27,15,1008.1,1002.2,7,NA,24.8,36.8,No,No
11/10/2016,Uluru,21.3,39.1,0,NA,NA,NW,61,SE,WNW,7,28,20,16,1004.7,1001.9,8,8,27.7,34.9,No,No
11/11/2016,Uluru,21.1,39.1,0,NA,NA,NW,63,NW,WNW,19,37,19,8,1005.2,1002.3,NA,NA,30.9,38.8,No,No
11/12/2016,Uluru,17.4,34.9,0,NA,NA,SSW,39,SSE,SSE,22,19,25,13,1010.8,1008,NA,NA,26.3,34,No,No
11/13/2016,Uluru,16.8,30.5,0,NA,NA,S,39,SE,S,22,15,29,11,1017.4,1012.9,NA,NA,21.1,29.9,No,No
11/14/2016,Uluru,12.4,30.4,0,NA,NA,E,44,E,SSE,30,19,25,14,1018.1,1014.4,NA,NA,22,27.7,No,No
11/15/2016,Uluru,13.8,32.6,0,NA,NA,ENE,43,ENE,SSE,28,13,18,8,1018.5,1013.2,NA,NA,23.5,31,No,No
11/16/2016,Uluru,15.2,35.7,0,NA,NA,NE,44,NE,ESE,30,13,12,6,1015.9,1010.4,NA,NA,27.9,34.8,No,No
11/17/2016,Uluru,20.5,38.7,0,NA,NA,SSW,54,N,WNW,20,24,9,6,1013.2,1009.6,NA,1,29.8,37.1,No,No
11/18/2016,Uluru,24.5,33.9,0,NA,NA,SW,76,SSE,WNW,17,6,36,21,1013.3,1009.4,7,8,27.2,32.5,No,No
11/19/2016,Uluru,16.8,34.3,0,NA,NA,ESE,57,SE,E,17,11,54,25,1013.3,1008.2,NA,NA,23.4,31.7,No,No
11/20/2016,Uluru,18.2,39.6,0,NA,NA,NW,33,ENE,NW,17,19,34,10,1010.1,1004.4,NA,NA,27.9,38.4,No,No
11/21/2016,Uluru,18.9,42.1,0,NA,NA,S,57,N,SW,17,26,21,10,1005.2,1001.4,NA,8,31.6,39,No,No
11/22/2016,Uluru,21.8,33.8,0,NA,NA,SE,39,SE,SSE,22,15,39,27,1010.2,1006.9,NA,NA,24.7,32.2,No,No
11/23/2016,Uluru,19.7,35.5,0,NA,NA,SE,48,E,ENE,26,28,27,20,1012.5,1008.8,NA,1,26.4,33.8,No,Yes
11/24/2016,Uluru,19.3,29,1.4,NA,NA,E,50,ESE,E,26,28,46,34,1014.8,1011.7,7,NA,22.4,28.3,Yes,No
11/25/2016,Uluru,14.8,32,0,NA,NA,E,44,ESE,E,24,17,37,21,1015.5,1011.5,NA,NA,21.1,31.4,No,No
11/26/2016,Uluru,16.1,34.2,0,NA,NA,E,50,E,E,24,19,21,12,1016.5,1012,NA,NA,26.4,32.2,No,No
11/27/2016,Uluru,16.8,35.5,0,NA,NA,ENE,37,ENE,S,22,9,13,8,1015.3,1011.1,NA,NA,27.3,34,No,No
11/28/2016,Uluru,14.9,38.7,0,NA,NA,SSW,37,NE,ESE,19,17,9,6,1012.9,1008.9,NA,NA,30.5,37,No,No
11/29/2016,Uluru,17.1,41.5,0,NA,NA,SSE,63,NE,ESE,7,15,9,6,1011,1006.9,NA,4,30.9,39.2,No,No
11/30/2016,Uluru,19.3,40.9,0,NA,NA,WNW,37,NE,W,9,9,11,8,1008.2,1004.5,NA,8,30.5,39.5,No,No
12/1/2016,Uluru,20.1,42.2,0,NA,NA,WNW,54,NE,WNW,9,24,19,8,1006.4,1002.1,NA,3,33.2,41.1,No,No
12/2/2016,Uluru,27.7,40.6,0,NA,NA,N,54,E,NNW,22,26,20,14,1007.6,1004.5,5,NA,32.3,39.1,No,No
12/3/2016,Uluru,23.6,31.9,0.4,NA,NA,N,48,NE,WNW,6,7,43,39,1009.8,1009,8,8,29.2,29.3,No,No
12/4/2016,Uluru,21.9,39.2,0.2,NA,NA,WSW,69,NNE,NNW,19,31,47,24,1009.1,1003.6,1,8,29.3,37.8,No,Yes
12/5/2016,Uluru,20.4,32.5,16.4,NA,NA,SSW,69,N,WNW,15,20,87,44,1010.6,1007.7,8,6,22.7,32.3,Yes,Yes
12/6/2016,Uluru,19,23.3,4.4,NA,NA,NE,28,ESE,NE,13,20,90,96,1013.6,1012.5,6,8,21.2,21.9,Yes,Yes
12/7/2016,Uluru,19.4,33.3,6,NA,NA,NE,37,ENE,NNW,15,15,83,41,1012.3,1008.4,6,NA,23,31.9,Yes,No
12/8/2016,Uluru,22.1,33.1,0,NA,NA,S,41,S,SSE,24,20,51,24,1011.4,1009.5,8,2,24.7,31.9,No,No
12/9/2016,Uluru,16.6,31.5,0,NA,NA,ESE,44,ESE,SE,28,20,29,16,1015.5,1012.5,NA,NA,23.7,29.7,No,No
12/10/2016,Uluru,17.3,32.9,0,NA,NA,E,48,E,ENE,28,22,22,12,1016.7,1013,NA,NA,25.2,31.7,No,No
12/11/2016,Uluru,16.3,34.4,0,NA,NA,E,48,E,ESE,28,22,16,9,1015.5,1011.2,NA,NA,27.9,33.1,No,No
12/12/2016,Uluru,14.7,37.6,0,NA,NA,ENE,43,ENE,NNW,28,9,13,6,1012.1,1007.5,NA,NA,29.1,36.3,No,No
12/13/2016,Uluru,16.7,41.7,0,NA,NA,SW,61,NNE,WSW,26,15,17,7,1006.1,1002.6,NA,NA,33.2,41.1,No,No
12/14/2016,Uluru,24.2,35.2,0,NA,NA,NW,57,NNE,NNW,9,20,45,28,1009.3,1005.1,8,7,27.3,33.9,No,Yes
12/15/2016,Uluru,18.6,31.5,6.8,NA,NA,S,43,SE,SSE,20,6,71,44,1011.7,1007.3,8,4,20.3,29.5,Yes,No
12/16/2016,Uluru,18.6,36.6,0,NA,NA,SSE,41,E,N,19,9,45,26,1008.3,1003.9,1,2,26.9,34.7,No,No
12/17/2016,Uluru,22.8,37.5,0,NA,NA,E,52,ESE,ESE,31,17,27,22,1010.4,1007.4,NA,NA,29.6,36.5,No,No
12/18/2016,Uluru,26.2,38.6,0,NA,NA,W,57,E,NNE,30,17,23,19,1012.2,1007.3,7,NA,28.8,36.3,No,Yes
12/19/2016,Uluru,22.1,39.5,2,NA,NA,NE,54,NE,NNW,13,11,56,25,1009,1004.8,NA,NA,28.6,38.7,Yes,No
12/20/2016,Uluru,23.4,37.4,0,NA,NA,S,59,NE,ESE,17,13,36,24,1008.2,1004.9,6,NA,30.7,36.2,No,No
12/21/2016,Uluru,26.1,38.2,0,NA,NA,E,50,ESE,ESE,26,26,32,19,1010.3,1006.4,8,NA,29.1,37.1,No,No
12/22/2016,Uluru,25.3,37.4,0,NA,NA,NE,46,E,NE,26,26,49,30,1008.6,1003.5,NA,5,29.7,36.3,No,No
12/23/2016,Uluru,24.8,32.6,0,NA,NA,NNW,44,NNE,NW,20,11,59,57,1007.5,1004,4,8,28.2,30,No,Yes
12/24/2016,Uluru,22.9,29.9,21.8,NA,NA,N,35,NE,NE,13,19,85,58,1008.8,1005.1,8,6,24.6,29.3,Yes,Yes
12/25/2016,Uluru,22.8,29.5,9.2,NA,NA,NNW,54,NE,NE,19,26,96,75,1005.5,1001.1,8,8,24.3,28,Yes,Yes
12/26/2016,Uluru,22.1,27.4,83.8,NA,NA,ENE,72,N,NNW,31,43,100,100,994.6,989.2,8,8,22.2,24.2,Yes,Yes
12/27/2016,Uluru,22.1,35.8,63.8,NA,NA,WNW,43,WNW,W,17,31,77,41,997.8,995.2,4,2,26,33.5,Yes,No
12/28/2016,Uluru,22.6,36.8,0,NA,NA,NW,50,NW,W,30,15,63,39,1000,998.8,NA,NA,29.7,34,No,No
12/29/2016,Uluru,23.2,38,0,NA,NA,SSW,33,S,WSW,17,17,25,14,1004.4,1001,NA,NA,28.7,36.4,No,No
12/30/2016,Uluru,19.7,37,0,NA,NA,E,37,ESE,W,22,6,30,23,1004.6,1000.9,NA,NA,28.2,35.1,No,No
12/31/2016,Uluru,23.7,33,0,NA,NA,NE,46,NE,ENE,24,17,40,38,1005.1,1002.7,5,NA,30.1,31.5,No,No
1/1/2017,Uluru,22.3,36.1,0,NA,NA,E,37,SSE,E,19,26,50,26,1007.3,1005,1,NA,27.9,35,No,No
1/2/2017,Uluru,23.2,32.7,0,NA,NA,ESE,46,ESE,ESE,30,20,32,27,1010.3,1007.6,8,3,25.9,31.6,No,No
1/3/2017,Uluru,21.6,35.3,0,NA,NA,E,52,E,ESE,30,22,30,21,1008.9,1005.6,2,NA,27.8,33.2,No,No
1/4/2017,Uluru,20.9,37.8,0,NA,NA,ESE,44,E,ENE,30,19,22,19,1007.5,1004.1,NA,NA,29.4,35.7,No,No
1/5/2017,Uluru,23,39.9,0,NA,NA,E,50,ESE,ENE,30,17,19,18,1005.9,1002.2,NA,NA,32.8,37.9,No,No
1/6/2017,Uluru,23.8,40.1,0,NA,NA,WNW,39,N,NE,6,19,49,26,1003.1,999.7,NA,1,31.7,37.9,No,No
1/7/2017,Uluru,27.7,38.8,0,NA,NA,ENE,50,N,ENE,9,13,50,29,1002.7,998.6,1,NA,31.5,37.5,No,No
1/8/2017,Uluru,25.1,38.6,0,NA,NA,ENE,33,SE,NE,17,9,49,25,1003.5,1000.9,7,4,29.1,37.8,No,No
1/9/2017,Uluru,26.4,39.2,0,NA,NA,SE,35,E,ENE,22,20,38,24,1004.6,1001.4,2,8,32.5,38.1,No,No
1/10/2017,Uluru,27.7,37.4,0,NA,NA,E,44,ESE,E,31,26,34,27,1005.1,1002.9,NA,4,33.3,37.1,No,No
1/11/2017,Uluru,25.7,38.7,0,NA,NA,ENE,61,ESE,E,22,28,52,32,1006.4,1002.2,7,8,31,36.8,No,Yes
1/12/2017,Uluru,21.6,34.1,23.6,NA,NA,NNE,56,E,N,9,20,95,79,1005.1,1001,8,7,24.7,28.7,Yes,Yes
1/13/2017,Uluru,24.7,34.6,3.6,NA,NA,WSW,46,NW,ESE,17,24,68,81,1003.9,1002.8,NA,2,30,29.1,Yes,No
1/14/2017,Uluru,21.5,31.5,0.6,NA,NA,ESE,44,SE,E,24,24,62,42,1010.5,1007.9,8,8,22.7,29.9,No,No
1/15/2017,Uluru,21.8,35.8,0,NA,NA,E,44,E,E,26,20,43,35,1010.4,1006.2,7,NA,26,34.7,No,No
1/16/2017,Uluru,25.3,37.9,0,NA,NA,ENE,39,ENE,NE,28,24,22,22,1007.9,1003.9,NA,NA,30.5,36.9,No,No
1/17/2017,Uluru,23.2,40.1,0,NA,NA,NE,46,ESE,ESE,15,19,29,24,1005.4,1001.6,7,NA,29.7,39.4,No,No
1/18/2017,Uluru,25.4,36.5,0.2,NA,NA,ENE,52,NNE,ENE,13,22,63,42,1005.3,1002.5,NA,6,30.3,35.5,No,Yes
1/19/2017,Uluru,24.5,34.7,3.4,NA,NA,NNW,48,NNW,NW,26,30,73,49,1006,1001.9,6,6,28,33.5,Yes,Yes
1/20/2017,Uluru,26,34.4,1.8,NA,NA,W,39,NW,NW,17,20,67,53,1004.3,1001.9,3,4,29.9,32.4,Yes,Yes
1/21/2017,Uluru,24.7,32.5,2.2,NA,NA,NE,30,ENE,SSE,15,9,74,70,1007.5,1004.9,3,7,28.1,30.2,Yes,Yes
1/22/2017,Uluru,24.5,37.5,3.2,NA,NA,NNE,48,ENE,WSW,4,13,70,38,1007.9,1003.7,NA,4,28.4,36.1,Yes,Yes
1/23/2017,Uluru,23.1,34.5,6.4,NA,NA,SSW,50,ENE,W,19,7,79,56,1007.8,1003.7,8,NA,26,32.9,Yes,Yes
1/24/2017,Uluru,21.8,25.4,17.2,NA,NA,SSE,37,SSE,SE,20,22,100,76,1010.6,1009.6,8,8,21.8,25,Yes,No
1/25/2017,Uluru,21.3,34.2,0.2,NA,NA,E,37,E,E,24,17,80,52,1014.2,1010.4,8,NA,23.7,32.3,No,No
1/26/2017,Uluru,23.6,35.5,0,NA,NA,NE,48,E,ENE,26,22,68,46,1012.8,1009.5,8,NA,27.5,33.7,No,Yes
1/27/2017,Uluru,24.6,37.9,4.2,NA,NA,NE,52,E,ENE,24,17,51,31,1011.2,1007.9,NA,2,29.6,36.2,Yes,No
1/28/2017,Uluru,24.7,39.2,0.2,NA,NA,E,44,ENE,NE,19,19,45,30,1011.7,1008.5,NA,1,31.7,37.4,No,No
1/29/2017,Uluru,25.4,40.3,0,NA,NA,ENE,37,E,SE,17,6,40,20,1012.2,1008.2,NA,1,31.6,38.9,No,No
1/30/2017,Uluru,23.8,41.3,0,NA,NA,W,41,E,SSE,4,7,32,18,1009.5,1006.1,NA,2,33.8,39,No,No
1/31/2017,Uluru,26.1,41.5,0,NA,NA,E,43,ESE,ENE,24,20,45,16,1008.6,1005.4,NA,1,32.1,40.5,No,No
2/1/2017,Uluru,27.6,40.8,0,NA,NA,ENE,43,ESE,NE,26,11,44,22,1010.1,1006.3,NA,NA,32.1,39,No,No
2/2/2017,Uluru,27.5,36.5,0,NA,NA,NA,NA,ESE,E,13,24,50,34,1011.9,1007.8,NA,4,29,35.4,No,Yes
2/3/2017,Uluru,23.5,36,1.8,NA,NA,ENE,44,ENE,E,28,20,46,33,1010.6,1006.7,4,NA,28.3,33.8,Yes,No
2/4/2017,Uluru,25.6,38.8,0,NA,NA,NNE,31,NE,NNW,20,7,38,30,1007.2,1002.7,1,8,30.9,37.1,No,No
2/5/2017,Uluru,24.4,39,0,NA,NA,S,35,NNW,N,13,13,49,26,1004.3,1000.4,NA,4,31.8,37.8,No,No
2/6/2017,Uluru,25.8,39.2,0,NA,NA,ENE,78,ESE,E,20,19,45,30,1005.2,1001.7,NA,5,31,37.8,No,Yes
2/7/2017,Uluru,24.4,37.9,7.6,NA,NA,NE,72,E,NE,17,31,69,35,1006.2,1002.2,4,2,27.7,37,Yes,Yes
2/8/2017,Uluru,24.1,39.2,2.8,NA,NA,NE,50,N,NNE,17,26,62,28,1005.7,1003,NA,NA,29.7,37.8,Yes,No
2/9/2017,Uluru,25.6,40.6,0.2,NA,NA,ENE,56,NA,N,0,11,47,27,1007.3,1003.2,NA,1,32,38.6,No,No
2/10/2017,Uluru,24.8,39.8,0.4,NA,NA,WNW,65,E,ENE,15,20,38,24,1007,1003.6,NA,NA,31.5,36.6,No,Yes
2/11/2017,Uluru,22.2,39.4,6.2,NA,NA,S,30,S,W,19,9,56,25,1008.4,1004.9,NA,4,28.6,38.7,Yes,No
2/12/2017,Uluru,26,40.1,0.2,NA,NA,SE,50,SSE,SE,26,20,47,26,1007.1,1004.1,NA,NA,30.9,38.9,No,No
2/13/2017,Uluru,23.1,36.2,0,NA,NA,ESE,43,ESE,ESE,28,24,31,19,1011.4,1008.4,NA,NA,26.2,34.2,No,No
2/14/2017,Uluru,22,36.3,0,NA,NA,ENE,43,E,ENE,31,19,21,16,1012.8,1008.8,NA,NA,27.3,34.5,No,No
2/15/2017,Uluru,20.1,38.9,0,NA,NA,E,28,ENE,SE,19,7,19,12,1010.6,1006.2,NA,NA,29.3,37.9,No,No
2/16/2017,Uluru,19.3,40.1,0,NA,NA,SW,30,E,N,11,9,22,14,1009,1005.6,NA,NA,29.2,38.9,No,No
2/17/2017,Uluru,19.9,39.3,0,NA,NA,SSE,41,SE,SSE,24,11,34,12,1010.7,1008.3,NA,NA,29.3,38.3,No,No
2/18/2017,Uluru,21.8,34,0,NA,NA,SSE,39,SE,S,19,15,32,18,1015.1,1011.3,NA,NA,25.1,32.2,No,No
2/19/2017,Uluru,16.3,31.4,0,NA,NA,ESE,44,ESE,SSE,26,20,36,18,1015.8,1010.9,NA,NA,21.9,29.6,No,No
2/20/2017,Uluru,14.4,32.3,0,NA,NA,ENE,37,E,E,24,20,25,11,1014.6,1010.1,NA,NA,21.8,30.9,No,No
2/21/2017,Uluru,13.5,NA,0,NA,NA,NA,NA,ENE,SW,24,7,23,11,1013.7,1008.4,NA,NA,25.2,34.4,No,NA
2/22/2017,Uluru,16.1,38,NA,NA,NA,SSW,35,SSW,W,22,17,30,16,1011.4,1008.6,NA,NA,27.7,36.4,NA,No
2/23/2017,Uluru,18.1,36.6,0,NA,NA,E,44,ESE,ESE,28,20,27,13,1016.1,1013.2,NA,NA,25.9,35.4,No,No
2/24/2017,Uluru,19.3,36.7,0,NA,NA,SE,50,E,SE,30,17,29,15,1019.4,1014.6,NA,NA,26.3,35,No,No
2/25/2017,Uluru,18.1,35.9,0,NA,NA,E,43,ESE,ENE,26,20,29,16,1017.2,1012.9,NA,NA,25.8,34.3,No,No
2/26/2017,Uluru,19.3,37.5,0,NA,NA,ESE,37,E,ENE,24,17,23,13,1013.7,1009.4,NA,NA,27.1,36.3,No,No
2/27/2017,Uluru,17.5,38,0,NA,NA,SSE,37,E,SSW,28,11,18,10,1013.5,1009.6,NA,NA,26.8,36.8,No,No
2/28/2017,Uluru,15.9,38.2,0,NA,NA,SSE,37,E,SSE,15,19,15,8,1012.5,1008.8,NA,NA,28.3,37.8,No,No
3/1/2017,Uluru,19.1,39.8,0,NA,NA,ESE,50,E,SE,19,22,23,14,1012.6,1009.9,NA,2,29.9,38,No,No
3/2/2017,Uluru,21,38.4,0,NA,NA,SE,54,ESE,ESE,20,30,20,11,1014.7,1010.7,NA,1,30,37.4,No,No
3/3/2017,Uluru,19.5,38.1,0,NA,NA,E,52,SSE,ESE,15,26,22,12,1012.9,1009.1,NA,3,30,36.3,No,No
3/4/2017,Uluru,20.8,38.4,0,NA,NA,ESE,43,E,SSE,24,19,21,11,1012.4,1009,5,1,29.8,37.3,No,No
3/5/2017,Uluru,20.4,39.2,0,NA,NA,E,39,ESE,ESE,19,22,21,10,1012.2,1008.9,NA,0,30.1,38.2,No,No
3/6/2017,Uluru,21.3,37.1,0,NA,NA,SE,41,SE,SE,24,20,26,15,1012.2,1008.3,NA,1,27.7,36,No,No
3/7/2017,Uluru,22.4,32,0,NA,NA,E,35,ESE,E,19,19,34,23,1012.1,1009.1,2,8,24.9,31.2,No,No
3/8/2017,Uluru,21.4,33.9,0,NA,NA,NNW,35,ENE,NW,15,11,32,21,1011.3,1008.8,NA,3,27.5,33,No,No
3/9/2017,Uluru,17.8,36.4,0,NA,NA,NE,31,SSE,E,11,19,49,19,1012.4,1008.7,NA,NA,27.1,35,No,No
3/10/2017,Uluru,25.3,36.5,0,NA,NA,NNE,37,NE,SSE,19,7,25,23,1012.2,1009.5,7,6,29.7,35,No,No
3/11/2017,Uluru,22,37.4,0,NA,NA,SSW,35,ESE,WNW,4,13,17,21,1011.4,1007.7,6,5,29.4,36.1,No,No
3/12/2017,Uluru,26.6,36.4,0,NA,NA,SSW,46,SSE,ESE,22,15,45,29,1010.8,1007,8,NA,27.4,34.5,No,No
3/13/2017,Uluru,16.3,35.7,0,NA,NA,E,41,E,WSW,26,7,30,19,1012.5,1008.4,NA,NA,23.8,33.4,No,No
3/14/2017,Uluru,18.5,39,0,NA,NA,SSE,30,ESE,SSW,15,9,32,13,1012.5,1007.6,NA,NA,26,37.8,No,No
3/15/2017,Uluru,17.9,41.9,0,NA,NA,S,43,SE,WNW,9,17,26,15,1009.7,1005,NA,NA,27,40.8,No,No
3/16/2017,Uluru,23.4,35.1,0,NA,NA,S,48,SSE,ESE,26,20,43,21,1012.3,1009.1,NA,NA,24.2,34.1,No,No
3/17/2017,Uluru,19.8,37.7,0,NA,NA,E,37,E,ENE,28,7,27,16,1015.5,1010.7,NA,NA,24.8,36.1,No,No
3/18/2017,Uluru,20.3,38.8,0,NA,NA,ENE,37,E,SE,19,15,29,14,1015.7,1011,NA,NA,28.6,37.1,No,No
3/19/2017,Uluru,19.2,39.5,0,NA,NA,ENE,35,E,SSE,19,19,23,10,1012.4,1007.6,NA,NA,28.7,37.8,No,No
3/20/2017,Uluru,17.5,39.7,0,NA,NA,SSW,48,S,NNE,13,11,22,9,1009.5,1005.6,NA,NA,26.9,38.6,No,No
3/21/2017,Uluru,21.8,38.9,0,NA,NA,S,37,SE,NNE,19,9,42,15,1011.2,1006.8,NA,NA,26.3,36.8,No,No
3/22/2017,Uluru,23.1,39.9,0,NA,NA,ENE,37,E,WNW,22,13,33,16,1012.3,1007.7,NA,NA,28.1,37.8,No,No
3/23/2017,Uluru,24.6,40.8,0,NA,NA,N,33,E,SE,17,7,28,13,1012,1007.8,NA,NA,29.2,38.8,No,No
3/24/2017,Uluru,22.5,40.6,0,NA,NA,NE,33,ESE,ENE,17,22,27,11,1010.7,1006.9,NA,NA,29.5,39.3,No,No
3/25/2017,Uluru,21.3,40.6,0,NA,NA,E,35,ESE,SSE,9,9,21,11,1010,1005.3,NA,NA,29.7,38.9,No,No
3/26/2017,Uluru,18.4,41.6,0,NA,NA,NNW,37,ESE,N,9,20,20,9,1008.7,1005.1,NA,NA,28.6,40.4,No,No
3/27/2017,Uluru,25.3,37.6,0,NA,NA,SSE,50,SSE,SE,30,24,44,28,1010.5,1008.7,NA,NA,30.6,35.9,No,No
3/28/2017,Uluru,24.1,37,0,NA,NA,E,35,ESE,ESE,20,24,30,20,1013.1,1008.7,NA,1,27.4,36.1,No,No
3/29/2017,Uluru,25.2,34.7,0,NA,NA,SSE,52,ESE,WNW,19,13,32,27,1012.4,1009.7,7,3,26.6,33.8,No,No
3/30/2017,Uluru,17.7,28,0,NA,NA,SSE,46,SE,SE,28,24,52,20,1019.8,1016,2,2,19.3,26.8,No,No
3/31/2017,Uluru,15.9,28.8,0,NA,NA,E,37,E,ESE,26,15,26,15,1019.4,1015.4,NA,NA,19.2,27.4,No,No
4/1/2017,Uluru,12,29,0,NA,NA,SSE,48,E,SE,22,22,29,14,1019.9,1016.7,NA,NA,19.7,28.3,No,No
4/2/2017,Uluru,13.1,27.9,0,NA,NA,E,48,ESE,ESE,22,26,31,19,1022.7,1018.3,NA,NA,19.3,26.8,No,No
4/3/2017,Uluru,11.5,28.6,0,NA,NA,E,41,E,SE,24,17,34,17,1022.6,1017.5,NA,NA,19.4,27.7,No,No
4/4/2017,Uluru,11.5,29,0,NA,NA,SE,33,ESE,SSE,19,20,23,10,1021.1,1016.7,NA,NA,18.9,27.7,No,No
4/5/2017,Uluru,9.9,29.8,0,NA,NA,ESE,39,SE,SSE,19,15,20,11,1018,1013.2,NA,NA,20,28.1,No,No
4/6/2017,Uluru,12.2,31,0,NA,NA,ENE,41,E,N,22,9,25,10,1017.1,1012.3,NA,NA,20.6,29.9,No,No
4/7/2017,Uluru,10.6,34.7,0,NA,NA,WNW,35,E,NNW,15,9,24,12,1016.4,1012.6,NA,NA,21.9,33,No,No
4/8/2017,Uluru,14.3,36.8,0,NA,NA,SSE,37,SSE,NW,9,9,26,10,1016.2,1013.1,5,1,23.2,34.8,No,No
4/9/2017,Uluru,15.9,30,0,NA,NA,SSE,37,SSE,ESE,22,22,51,22,1021.1,1017.2,NA,NA,20.4,29.1,No,No
4/10/2017,Uluru,12.4,27,0,NA,NA,E,48,ESE,ESE,30,20,48,24,1021.6,1016.9,NA,NA,17.4,26.4,No,No
4/11/2017,Uluru,9.1,26.1,0,NA,NA,E,44,E,E,24,22,37,16,1020.7,1016.1,NA,NA,16.1,24.8,No,No
4/12/2017,Uluru,9.6,28.4,0,NA,NA,ENE,33,E,SE,19,17,31,12,1020.3,1016.2,NA,NA,16.9,26.8,No,No
4/13/2017,Uluru,10.6,29.3,0,NA,NA,E,37,E,E,19,24,27,10,1021.3,1017.4,NA,NA,18.3,27.9,No,No
4/14/2017,Uluru,11.8,29.8,0,NA,NA,E,37,ESE,NE,17,19,27,10,1021.1,1016.7,NA,1,18.9,28.1,No,No
4/15/2017,Uluru,17.8,29.2,0,NA,NA,ENE,31,SSE,NNE,13,9,44,14,1017.6,1014.1,8,NA,17.8,28,No,No
4/16/2017,Uluru,12.5,31.9,0,NA,NA,ENE,31,SE,ENE,9,13,29,13,1016.5,1012.3,8,1,19.3,30.5,No,No
4/17/2017,Uluru,19.3,24.4,0,NA,NA,W,35,ESE,SSE,7,19,28,91,1015.9,1013.9,8,8,21.3,18.5,No,Yes
4/18/2017,Uluru,15.2,21.5,6.8,NA,NA,ENE,30,NE,ENE,19,9,65,65,1016.9,1015.3,3,8,19,21.2,Yes,Yes
4/19/2017,Uluru,17.7,26.9,12.6,NA,NA,S,35,E,SSW,15,20,93,59,1018.1,1014.7,7,8,19,26,Yes,Yes
4/20/2017,Uluru,18.6,28.6,34.6,NA,NA,E,46,E,E,4,9,100,56,1020,1015.8,8,5,19.8,26.9,Yes,Yes
4/21/2017,Uluru,18.1,29.6,3.8,NA,NA,SSE,35,SSE,SE,9,4,90,46,1017.7,1014.5,1,8,20.3,28,Yes,No
4/22/2017,Uluru,16.8,29,0,NA,NA,ENE,33,ESE,E,15,22,89,39,1019.1,1014.9,8,NA,18.3,27.8,No,No
4/23/2017,Uluru,15.8,30.5,0,NA,NA,E,41,ESE,NE,24,13,67,36,1017.3,1013.1,NA,4,20.8,29,No,No
4/24/2017,Uluru,18.1,31.7,0,NA,NA,S,39,SE,SW,15,20,60,32,1014.5,1011.4,1,NA,22.8,31.2,No,No
4/25/2017,Uluru,15.6,27.3,0,NA,NA,SSE,41,SE,SSE,13,15,77,45,1018,1014.9,8,4,19.3,26.4,No,No
4/26/2017,Uluru,12.4,24.2,0,NA,NA,SSE,37,SE,SE,24,17,59,30,1022.5,1018.9,NA,NA,16.3,23.2,No,No
4/27/2017,Uluru,9.9,22.9,0,NA,NA,ESE,43,ESE,E,24,26,56,30,1024.5,1021.2,NA,NA,14.1,21.7,No,No
4/28/2017,Uluru,9.2,22.1,0,NA,NA,ESE,41,E,ESE,26,24,50,26,1024.8,1020.1,NA,NA,13.1,20.8,No,No
4/29/2017,Uluru,10.5,21.6,0,NA,NA,ESE,39,E,ENE,20,24,52,30,1022.2,1018.4,NA,NA,13.7,21.3,No,No
4/30/2017,Uluru,12.7,21,0,NA,NA,ENE,26,E,NE,17,7,50,34,1019.6,1016.1,7,NA,15.3,20.5,No,No
5/1/2017,Uluru,6.4,25.4,0,NA,NA,SSW,28,SE,SSE,7,13,55,25,1019.6,1017.4,NA,NA,15.2,23.9,No,No
5/2/2017,Uluru,9.1,23.8,0,NA,NA,SSE,35,SSE,ESE,26,20,66,36,1023.2,1020.4,NA,4,15.8,22.4,No,No
5/3/2017,Uluru,9.2,22.3,0,NA,NA,E,44,E,ESE,24,17,55,33,1026.2,1022.3,NA,NA,14.3,21.2,No,No
5/4/2017,Uluru,8.8,22.9,0,NA,NA,E,35,E,ESE,20,15,50,28,1025.8,1021.9,NA,NA,13.8,22.2,No,No
5/5/2017,Uluru,5.7,26,0,NA,NA,ENE,26,E,WNW,15,6,41,20,1024.9,1020.8,NA,NA,13.8,24.8,No,No
5/6/2017,Uluru,6.9,27.7,0,NA,NA,E,30,ESE,SE,11,11,34,19,1025.6,1022.1,NA,NA,17.4,26.7,No,No
5/7/2017,Uluru,10.8,27,0,NA,NA,ENE,44,ESE,E,17,24,31,17,1026.4,1022.5,NA,NA,16.8,26.3,No,No
5/8/2017,Uluru,9.5,25.6,0,NA,NA,E,39,ENE,E,19,20,42,21,1025.6,1020.8,NA,NA,16.2,24.4,No,No
5/9/2017,Uluru,8.3,22.9,0,NA,NA,E,31,E,SE,19,15,49,25,1024.1,1020.4,NA,NA,14.2,21.9,No,No
5/10/2017,Uluru,5.7,22.7,0,NA,NA,ENE,31,ESE,E,11,7,41,19,1023.2,1019.1,NA,NA,12.5,21.6,No,No
5/11/2017,Uluru,4.1,24.7,0,NA,NA,E,26,ESE,E,11,9,33,17,1022.1,1017.2,NA,NA,13.4,23.7,No,No
5/12/2017,Uluru,5.6,27,0,NA,NA,NNW,28,ESE,WNW,9,15,31,17,1018.8,1014.5,NA,NA,13.3,26.2,No,No
5/13/2017,Uluru,6.8,28.7,0,NA,NA,NW,37,SE,WNW,2,24,43,19,1016.9,1014.6,NA,1,15.2,27.5,No,No
5/14/2017,Uluru,6.8,27,0,NA,NA,WNW,24,SSE,NW,9,11,43,20,1018.9,1015.4,NA,NA,14.6,26.2,No,No
5/15/2017,Uluru,5.3,28.2,0,NA,NA,WNW,39,SE,NW,9,26,41,19,1017.5,1012.9,NA,NA,14,27.6,No,No
5/16/2017,Uluru,6.4,29.6,0,NA,NA,NW,50,N,NW,6,30,48,16,1014.5,1009.9,NA,NA,15.6,28.8,No,No
5/17/2017,Uluru,10.9,24.7,0,NA,NA,WSW,35,S,SW,13,13,50,29,1013.6,1011.5,1,NA,17.7,23.9,No,No
5/18/2017,Uluru,4.7,22.1,0,NA,NA,S,28,S,SSE,9,13,68,33,1019,1016.1,NA,NA,12,21.7,No,No
5/19/2017,Uluru,4.3,22.4,0,NA,NA,ENE,26,NA,N,0,7,71,33,1020.1,1014.8,NA,NA,10.9,21.3,No,No
5/20/2017,Uluru,4.1,26,0,NA,NA,NW,26,SE,WNW,9,15,60,22,1016.7,1012.8,NA,NA,12.3,25.2,No,No
5/21/2017,Uluru,7.2,29.4,0,NA,NA,NNW,44,ESE,N,7,26,46,20,1015.3,1011.5,NA,NA,14.5,28.8,No,No
5/22/2017,Uluru,9.7,30,0,NA,NA,NNW,41,NE,WNW,4,19,48,20,1016.4,1013.9,NA,NA,18.6,29.7,No,No
5/23/2017,Uluru,7.6,27.1,0,NA,NA,SE,24,S,NE,11,11,53,27,1021.4,1017.8,NA,NA,15.7,26.8,No,No
5/24/2017,Uluru,10.1,26.7,0,NA,NA,E,41,ESE,E,22,17,55,29,1022.6,1018.6,NA,NA,14.8,25.7,No,No
5/25/2017,Uluru,14.6,26.3,0,NA,NA,S,37,SSW,S,19,20,61,36,1022,1018.6,7,1,15.4,25,No,No
5/26/2017,Uluru,14.3,27.6,0.4,NA,NA,WNW,39,NA,NW,0,20,68,27,1020.5,1016.1,4,7,16.1,27.2,No,No
5/27/2017,Uluru,9.3,28,0,NA,NA,W,28,SSW,WNW,6,11,36,16,1019.9,1016.9,NA,NA,16.6,27.3,No,No
5/28/2017,Uluru,8,24.6,0,NA,NA,E,33,SE,ESE,11,13,46,25,1021.7,1018.8,4,NA,13.8,23.5,No,No
5/29/2017,Uluru,12.7,22.2,0,NA,NA,E,37,E,ESE,19,13,59,34,1024.3,1021.7,8,8,13.9,21,No,No
5/30/2017,Uluru,9.4,22.7,0,NA,NA,E,35,SE,E,13,17,62,32,1026.6,1023.6,8,4,11.8,22.3,No,No
5/31/2017,Uluru,5.4,20.5,0,NA,NA,E,46,E,E,20,28,56,32,1029.2,1025.3,NA,NA,11.1,20.2,No,No
6/1/2017,Uluru,5.6,19.4,0,NA,NA,E,43,E,ESE,22,24,61,22,1029.6,1027.1,NA,NA,9.7,18.3,No,No
6/2/2017,Uluru,1.5,19.2,0,NA,NA,E,37,ESE,ESE,17,22,45,18,1030.7,1026.7,NA,NA,6.8,17.6,No,No
6/3/2017,Uluru,3.8,19.8,0,NA,NA,ENE,39,ESE,E,19,17,42,22,1028.7,1024.1,NA,NA,8.6,18.9,No,No
6/4/2017,Uluru,4.5,18.8,0,NA,NA,E,31,ESE,E,13,15,42,26,1026.9,1022.4,NA,NA,9.5,18.6,No,No
6/5/2017,Uluru,4.9,20.7,0,NA,NA,E,37,ESE,ESE,17,24,38,11,1027.1,1023.9,NA,NA,10.3,19.8,No,No
6/6/2017,Uluru,1.2,20.8,0,NA,NA,E,43,ESE,E,13,28,29,6,1029.8,1025.9,NA,NA,7.9,19.9,No,No
6/7/2017,Uluru,0.5,21.7,0,NA,NA,E,43,ESE,ENE,13,20,27,19,1029,1025,NA,NA,9.5,20.5,No,No
6/8/2017,Uluru,4,20,0,NA,NA,SE,39,ESE,ESE,13,26,58,26,1030.2,1026.7,NA,NA,9.1,19,No,No
6/9/2017,Uluru,3.4,19.8,0,NA,NA,E,43,ESE,E,19,24,54,23,1031.8,1027.7,NA,NA,8.7,18.9,No,No
6/10/2017,Uluru,3.2,18.6,0,NA,NA,E,46,ESE,E,15,20,56,29,1031,1027.2,NA,NA,8.2,17.4,No,No
6/11/2017,Uluru,2.4,19.1,0,NA,NA,E,33,SE,E,17,17,59,24,1030,1026.2,NA,NA,8,18.8,No,No
6/12/2017,Uluru,5.1,19.7,0,NA,NA,E,46,ESE,E,13,17,56,29,1028.5,1025.8,NA,NA,8.5,19.2,No,No
6/13/2017,Uluru,2.5,21.2,0,NA,NA,ENE,35,ESE,E,17,19,57,32,1027.2,1023,NA,NA,10.3,20.3,No,No
6/14/2017,Uluru,2.3,21.4,0,NA,NA,SE,22,SE,SSE,11,7,60,28,1026.9,1022.8,NA,NA,8.9,20.3,No,No
6/15/2017,Uluru,2.6,22.5,0,NA,NA,S,19,S,E,9,7,59,24,1025,1021.4,NA,NA,8.8,22.1,No,No
6/16/2017,Uluru,5.2,24.3,0,NA,NA,E,24,SE,E,11,11,53,24,1023.8,1020,NA,NA,12.3,23.3,No,No
6/17/2017,Uluru,6.4,23.4,0,NA,NA,ESE,31,S,ESE,15,17,53,25,1025.8,1023,NA,NA,11.2,23.1,No,No
6/18/2017,Uluru,8,20.7,0,NA,NA,ESE,41,SE,E,19,26,56,32,1028.1,1024.3,NA,7,11.6,20,No,No
6/19/2017,Uluru,7.4,20.6,0,NA,NA,E,35,ESE,E,15,17,63,33,1027.2,1023.3,NA,NA,11,20.3,No,No
6/20/2017,Uluru,3.5,21.8,0,NA,NA,E,31,ESE,E,15,13,59,27,1024.7,1021.2,NA,NA,9.4,20.9,No,No
6/21/2017,Uluru,2.8,23.4,0,NA,NA,E,31,SE,ENE,13,11,51,24,1024.6,1020.3,NA,NA,10.1,22.4,No,No
6/22/2017,Uluru,3.6,25.3,0,NA,NA,NNW,22,SE,N,13,9,56,21,1023.5,1019.1,NA,NA,10.9,24.5,No,No
6/23/2017,Uluru,5.4,26.9,0,NA,NA,N,37,SE,WNW,9,9,53,24,1021,1016.8,NA,NA,12.5,26.1,No,No
6/24/2017,Uluru,7.8,27,0,NA,NA,SE,28,SSE,N,13,7,51,24,1019.4,1016.5,3,2,15.1,26,No,No
6/25/2017,Uluru,14.9,NA,0,NA,NA,NA,NA,ESE,ESE,17,17,62,36,1020.2,1017.9,8,8,15,20.9,No,NA